Cy Date,Date,Date Yy Mmm,Month Name,Year
2017-10-01,2017-10-05,17-Oct,October,2017
2017-10-01,2017-10-06,17-Oct,October,2017
2017-10-01,2017-10-09,17-Oct,October,2017
2017-10-01,2017-10-10,17-Oct,October,2017
2017-10-01,2017-10-11,17-Oct,October,2017
2017-10-01,2017-10-12,17-Oct,October,2017
2017-10-01,2017-10-13,17-Oct,October,2017
2017-10-01,2017-10-16,17-Oct,October,2017
2017-10-01,2017-10-17,17-Oct,October,2017
2017-10-01,2017-10-20,17-Oct,October,2017
2017-10-01,2017-10-23,17-Oct,October,2017
2017-10-01,2017-10-24,17-Oct,October,2017
2017-10-01,2017-10-25,17-Oct,October,2017
2017-10-01,2017-10-27,17-Oct,October,2017
2017-10-01,2017-10-30,17-Oct,October,2017
2017-11-01,2017-11-02,17-Nov,November,2017
2017-11-01,2017-11-03,17-Nov,November,2017
2017-11-01,2017-11-06,17-Nov,November,2017
2017-11-01,2017-11-08,17-Nov,November,2017
2017-11-01,2017-11-10,17-Nov,November,2017
2017-11-01,2017-11-14,17-Nov,November,2017
2017-11-01,2017-11-16,17-Nov,November,2017
2017-11-01,2017-11-17,17-Nov,November,2017
2017-11-01,2017-11-20,17-Nov,November,2017
2017-11-01,2017-11-21,17-Nov,November,2017
2017-11-01,2017-11-22,17-Nov,November,2017
2017-11-01,2017-11-23,17-Nov,November,2017
2017-11-01,2017-11-24,17-Nov,November,2017
2017-11-01,2017-11-27,17-Nov,November,2017
2017-11-01,2017-11-28,17-Nov,November,2017
2017-11-01,2017-11-29,17-Nov,November,2017
2017-11-01,2017-11-30,17-Nov,November,2017
2017-12-01,2017-12-01,17-Dec,December,2017
2017-12-01,2017-12-04,17-Dec,December,2017
2017-12-01,2017-12-05,17-Dec,December,2017
2017-12-01,2017-12-06,17-Dec,December,2017
2017-12-01,2017-12-07,17-Dec,December,2017
2017-12-01,2017-12-08,17-Dec,December,2017
2017-12-01,2017-12-11,17-Dec,December,2017
2017-12-01,2017-12-12,17-Dec,December,2017
2017-12-01,2017-12-14,17-Dec,December,2017
2017-12-01,2017-12-15,17-Dec,December,2017
2017-12-01,2017-12-18,17-Dec,December,2017
2017-12-01,2017-12-19,17-Dec,December,2017
2017-12-01,2017-12-21,17-Dec,December,2017
2017-12-01,2017-12-22,17-Dec,December,2017
2017-12-01,2017-12-27,17-Dec,December,2017
2017-12-01,2017-12-28,17-Dec,December,2017
2018-01-01,2018-01-02,18-Jan,January,2018
2018-01-01,2018-01-05,18-Jan,January,2018
2018-01-01,2018-01-08,18-Jan,January,2018
2018-01-01,2018-01-12,18-Jan,January,2018
2018-01-01,2018-01-15,18-Jan,January,2018
2018-01-01,2018-01-16,18-Jan,January,2018
2018-01-01,2018-01-17,18-Jan,January,2018
2018-01-01,2018-01-22,18-Jan,January,2018
2018-01-01,2018-01-29,18-Jan,January,2018
2018-02-01,2018-02-01,18-Feb,February,2018
2018-02-01,2018-02-02,18-Feb,February,2018
2018-02-01,2018-02-06,18-Feb,February,2018
2018-02-01,2018-02-08,18-Feb,February,2018
2018-02-01,2018-02-09,18-Feb,February,2018
2018-02-01,2018-02-12,18-Feb,February,2018
2018-02-01,2018-02-14,18-Feb,February,2018
2018-02-01,2018-02-16,18-Feb,February,2018
2018-02-01,2018-02-21,18-Feb,February,2018
2018-02-01,2018-02-22,18-Feb,February,2018
2018-02-01,2018-02-23,18-Feb,February,2018
2018-02-01,2018-02-26,18-Feb,February,2018
2018-03-01,2018-03-01,18-Mar,March,2018
2018-03-01,2018-03-02,18-Mar,March,2018
2018-03-01,2018-03-05,18-Mar,March,2018
2018-03-01,2018-03-06,18-Mar,March,2018
2018-03-01,2018-03-08,18-Mar,March,2018
2018-03-01,2018-03-09,18-Mar,March,2018
2018-03-01,2018-03-12,18-Mar,March,2018
2018-03-01,2018-03-15,18-Mar,March,2018
2018-03-01,2018-03-19,18-Mar,March,2018
2018-03-01,2018-03-20,18-Mar,March,2018
2018-03-01,2018-03-21,18-Mar,March,2018
2018-03-01,2018-03-22,18-Mar,March,2018
2018-03-01,2018-03-23,18-Mar,March,2018
2018-03-01,2018-03-27,18-Mar,March,2018
2018-03-01,2018-03-28,18-Mar,March,2018
2018-03-01,2018-03-29,18-Mar,March,2018
2018-04-01,2018-04-03,18-Apr,April,2018
2018-04-01,2018-04-04,18-Apr,April,2018
2018-04-01,2018-04-06,18-Apr,April,2018
2018-04-01,2018-04-09,18-Apr,April,2018
2018-04-01,2018-04-10,18-Apr,April,2018
2018-04-01,2018-04-11,18-Apr,April,2018
2018-04-01,2018-04-12,18-Apr,April,2018
2018-04-01,2018-04-13,18-Apr,April,2018
2018-04-01,2018-04-17,18-Apr,April,2018
2018-04-01,2018-04-18,18-Apr,April,2018
2018-04-01,2018-04-19,18-Apr,April,2018
2018-04-01,2018-04-20,18-Apr,April,2018
2018-04-01,2018-04-23,18-Apr,April,2018
2018-04-01,2018-04-24,18-Apr,April,2018
2018-04-01,2018-04-26,18-Apr,April,2018
2018-04-01,2018-04-27,18-Apr,April,2018
2018-04-01,2018-04-30,18-Apr,April,2018
2018-05-01,2018-05-03,18-May,May,2018
2018-05-01,2018-05-04,18-May,May,2018
2018-05-01,2018-05-07,18-May,May,2018
2018-05-01,2018-05-08,18-May,May,2018
2018-05-01,2018-05-09,18-May,May,2018
2018-05-01,2018-05-11,18-May,May,2018
2018-05-01,2018-05-14,18-May,May,2018
2018-05-01,2018-05-15,18-May,May,2018
2018-05-01,2018-05-16,18-May,May,2018
2018-05-01,2018-05-17,18-May,May,2018
2018-05-01,2018-05-18,18-May,May,2018
2018-05-01,2018-05-21,18-May,May,2018
2018-05-01,2018-05-22,18-May,May,2018
2018-05-01,2018-05-23,18-May,May,2018
2018-05-01,2018-05-24,18-May,May,2018
2018-05-01,2018-05-25,18-May,May,2018
2018-05-01,2018-05-28,18-May,May,2018
2018-05-01,2018-05-29,18-May,May,2018
2018-05-01,2018-05-30,18-May,May,2018
2018-05-01,2018-05-31,18-May,May,2018
2018-06-01,2018-06-01,18-Jun,June,2018
2018-06-01,2018-06-04,18-Jun,June,2018
2018-06-01,2018-06-05,18-Jun,June,2018
2018-06-01,2018-06-06,18-Jun,June,2018
2018-06-01,2018-06-07,18-Jun,June,2018
2018-06-01,2018-06-08,18-Jun,June,2018
2018-06-01,2018-06-11,18-Jun,June,2018
2018-06-01,2018-06-12,18-Jun,June,2018
2018-06-01,2018-06-13,18-Jun,June,2018
2018-06-01,2018-06-14,18-Jun,June,2018
2018-06-01,2018-06-15,18-Jun,June,2018
2018-06-01,2018-06-18,18-Jun,June,2018
2018-06-01,2018-06-19,18-Jun,June,2018
2018-06-01,2018-06-20,18-Jun,June,2018
2018-06-01,2018-06-21,18-Jun,June,2018
2018-06-01,2018-06-22,18-Jun,June,2018
2018-06-01,2018-06-25,18-Jun,June,2018
2018-06-01,2018-06-27,18-Jun,June,2018
2018-06-01,2018-06-28,18-Jun,June,2018
2018-06-01,2018-06-29,18-Jun,June,2018
2018-07-01,2018-07-02,18-Jul,July,2018
2018-07-01,2018-07-03,18-Jul,July,2018
2018-07-01,2018-07-04,18-Jul,July,2018
2018-07-01,2018-07-05,18-Jul,July,2018
2018-07-01,2018-07-06,18-Jul,July,2018
2018-07-01,2018-07-09,18-Jul,July,2018
2018-07-01,2018-07-10,18-Jul,July,2018
2018-07-01,2018-07-11,18-Jul,July,2018
2018-07-01,2018-07-12,18-Jul,July,2018
2018-07-01,2018-07-13,18-Jul,July,2018
2018-07-01,2018-07-16,18-Jul,July,2018
2018-07-01,2018-07-17,18-Jul,July,2018
2018-07-01,2018-07-18,18-Jul,July,2018
2018-07-01,2018-07-19,18-Jul,July,2018
2018-07-01,2018-07-20,18-Jul,July,2018
2018-07-01,2018-07-23,18-Jul,July,2018
2018-07-01,2018-07-24,18-Jul,July,2018
2018-07-01,2018-07-25,18-Jul,July,2018
2018-07-01,2018-07-26,18-Jul,July,2018
2018-07-01,2018-07-27,18-Jul,July,2018
2018-07-01,2018-07-30,18-Jul,July,2018
2018-07-01,2018-07-31,18-Jul,July,2018
2018-08-01,2018-08-01,18-Aug,August,2018
2018-08-01,2018-08-02,18-Aug,August,2018
2018-08-01,2018-08-03,18-Aug,August,2018
2018-08-01,2018-08-06,18-Aug,August,2018
2018-08-01,2018-08-07,18-Aug,August,2018
2018-08-01,2018-08-08,18-Aug,August,2018
2018-08-01,2018-08-09,18-Aug,August,2018
2018-08-01,2018-08-10,18-Aug,August,2018
2018-08-01,2018-08-13,18-Aug,August,2018
2018-08-01,2018-08-14,18-Aug,August,2018
2018-08-01,2018-08-15,18-Aug,August,2018
2018-08-01,2018-08-17,18-Aug,August,2018
2018-08-01,2018-08-20,18-Aug,August,2018
2018-08-01,2018-08-21,18-Aug,August,2018
2018-08-01,2018-08-22,18-Aug,August,2018
2018-08-01,2018-08-23,18-Aug,August,2018
2018-08-01,2018-08-24,18-Aug,August,2018
2018-08-01,2018-08-27,18-Aug,August,2018
2018-08-01,2018-08-29,18-Aug,August,2018
2018-08-01,2018-08-31,18-Aug,August,2018
2018-09-01,2018-09-03,18-Sep,September,2018
2018-09-01,2018-09-04,18-Sep,September,2018
2018-09-01,2018-09-06,18-Sep,September,2018
2018-09-01,2018-09-07,18-Sep,September,2018
2018-09-01,2018-09-10,18-Sep,September,2018
2018-09-01,2018-09-12,18-Sep,September,2018
2018-09-01,2018-09-13,18-Sep,September,2018
2018-09-01,2018-09-14,18-Sep,September,2018
2018-09-01,2018-09-17,18-Sep,September,2018
2018-09-01,2018-09-18,18-Sep,September,2018
2018-09-01,2018-09-19,18-Sep,September,2018
2018-09-01,2018-09-21,18-Sep,September,2018
2018-09-01,2018-09-24,18-Sep,September,2018
2018-09-01,2018-09-26,18-Sep,September,2018
2018-09-01,2018-09-27,18-Sep,September,2018
2018-09-01,2018-09-28,18-Sep,September,2018
2018-10-01,2018-10-01,18-Oct,October,2018
2018-10-01,2018-10-02,18-Oct,October,2018
2018-10-01,2018-10-03,18-Oct,October,2018
2018-10-01,2018-10-08,18-Oct,October,2018
2018-10-01,2018-10-09,18-Oct,October,2018
2018-10-01,2018-10-11,18-Oct,October,2018
2018-10-01,2018-10-12,18-Oct,October,2018
2018-10-01,2018-10-15,18-Oct,October,2018
2018-10-01,2018-10-17,18-Oct,October,2018
2018-10-01,2018-10-18,18-Oct,October,2018
2018-10-01,2018-10-19,18-Oct,October,2018
2018-10-01,2018-10-22,18-Oct,October,2018
2018-10-01,2018-10-23,18-Oct,October,2018
2018-10-01,2018-10-24,18-Oct,October,2018
2018-10-01,2018-10-25,18-Oct,October,2018
2018-10-01,2018-10-26,18-Oct,October,2018
2018-10-01,2018-10-29,18-Oct,October,2018
2018-10-01,2018-10-30,18-Oct,October,2018
2018-10-01,2018-10-31,18-Oct,October,2018
2018-11-01,2018-11-01,18-Nov,November,2018
2018-11-01,2018-11-02,18-Nov,November,2018
2018-11-01,2018-11-05,18-Nov,November,2018
2018-11-01,2018-11-06,18-Nov,November,2018
2018-11-01,2018-11-07,18-Nov,November,2018
2018-11-01,2018-11-08,18-Nov,November,2018
2018-11-01,2018-11-09,18-Nov,November,2018
2018-11-01,2018-11-12,18-Nov,November,2018
2018-11-01,2018-11-13,18-Nov,November,2018
2018-11-01,2018-11-14,18-Nov,November,2018
2018-11-01,2018-11-15,18-Nov,November,2018
2018-11-01,2018-11-16,18-Nov,November,2018
2018-11-01,2018-11-20,18-Nov,November,2018
2018-11-01,2018-11-21,18-Nov,November,2018
2018-11-01,2018-11-22,18-Nov,November,2018
2018-11-01,2018-11-23,18-Nov,November,2018
2018-11-01,2018-11-26,18-Nov,November,2018
2018-11-01,2018-11-27,18-Nov,November,2018
2018-11-01,2018-11-29,18-Nov,November,2018
2018-12-01,2018-12-03,18-Dec,December,2018
2018-12-01,2018-12-04,18-Dec,December,2018
2018-12-01,2018-12-06,18-Dec,December,2018
2018-12-01,2018-12-07,18-Dec,December,2018
2018-12-01,2018-12-10,18-Dec,December,2018
2018-12-01,2018-12-12,18-Dec,December,2018
2018-12-01,2018-12-13,18-Dec,December,2018
2018-12-01,2018-12-14,18-Dec,December,2018
2018-12-01,2018-12-17,18-Dec,December,2018
2018-12-01,2018-12-18,18-Dec,December,2018
2018-12-01,2018-12-20,18-Dec,December,2018
2018-12-01,2018-12-21,18-Dec,December,2018
2018-12-01,2018-12-28,18-Dec,December,2018
2019-01-01,2019-01-04,19-Jan,January,2019
2019-01-01,2019-01-07,19-Jan,January,2019
2019-01-01,2019-01-08,19-Jan,January,2019
2019-01-01,2019-01-10,19-Jan,January,2019
2019-01-01,2019-01-11,19-Jan,January,2019
2019-01-01,2019-01-14,19-Jan,January,2019
2019-01-01,2019-01-15,19-Jan,January,2019
2019-01-01,2019-01-16,19-Jan,January,2019
2019-01-01,2019-01-17,19-Jan,January,2019
2019-01-01,2019-01-18,19-Jan,January,2019
2019-01-01,2019-01-21,19-Jan,January,2019
2019-01-01,2019-01-24,19-Jan,January,2019
2019-01-01,2019-01-25,19-Jan,January,2019
2019-01-01,2019-01-28,19-Jan,January,2019
2019-01-01,2019-01-30,19-Jan,January,2019
2019-01-01,2019-01-31,19-Jan,January,2019
2019-02-01,2019-02-01,19-Feb,February,2019
2019-02-01,2019-02-04,19-Feb,February,2019
2019-02-01,2019-02-05,19-Feb,February,2019
2019-02-01,2019-02-06,19-Feb,February,2019
2019-02-01,2019-02-07,19-Feb,February,2019
2019-02-01,2019-02-08,19-Feb,February,2019
2019-02-01,2019-02-11,19-Feb,February,2019
2019-02-01,2019-02-12,19-Feb,February,2019
2019-02-01,2019-02-13,19-Feb,February,2019
2019-02-01,2019-02-14,19-Feb,February,2019
2019-02-01,2019-02-15,19-Feb,February,2019
2019-02-01,2019-02-18,19-Feb,February,2019
2019-02-01,2019-02-20,19-Feb,February,2019
2019-02-01,2019-02-22,19-Feb,February,2019
2019-03-01,2019-03-01,19-Mar,March,2019
2019-03-01,2019-03-08,19-Mar,March,2019
2019-03-01,2019-03-13,19-Mar,March,2019
2019-03-01,2019-03-15,19-Mar,March,2019
2019-03-01,2019-03-22,19-Mar,March,2019
2019-03-01,2019-03-28,19-Mar,March,2019
2019-03-01,2019-03-29,19-Mar,March,2019
2019-04-01,2019-04-05,19-Apr,April,2019
2019-04-01,2019-04-12,19-Apr,April,2019
2019-04-01,2019-04-23,19-Apr,April,2019
2019-04-01,2019-04-29,19-Apr,April,2019
2019-05-01,2019-05-06,19-May,May,2019
2019-05-01,2019-05-08,19-May,May,2019
2019-05-01,2019-05-10,19-May,May,2019
2019-05-01,2019-05-17,19-May,May,2019
2019-05-01,2019-05-22,19-May,May,2019
2019-05-01,2019-05-23,19-May,May,2019
2019-05-01,2019-05-28,19-May,May,2019
2019-05-01,2019-05-29,19-May,May,2019
2019-05-01,2019-05-31,19-May,May,2019
2019-06-01,2019-06-03,19-Jun,June,2019
2019-06-01,2019-06-04,19-Jun,June,2019
2019-06-01,2019-06-05,19-Jun,June,2019
2019-06-01,2019-06-06,19-Jun,June,2019
2019-06-01,2019-06-07,19-Jun,June,2019
2019-06-01,2019-06-11,19-Jun,June,2019
2019-06-01,2019-06-12,19-Jun,June,2019
2019-06-01,2019-06-14,19-Jun,June,2019
2019-06-01,2019-06-17,19-Jun,June,2019
2019-06-01,2019-06-18,19-Jun,June,2019
2019-06-01,2019-06-19,19-Jun,June,2019
2019-06-01,2019-06-24,19-Jun,June,2019
2019-06-01,2019-06-28,19-Jun,June,2019
2019-07-01,2019-07-05,19-Jul,July,2019
2019-07-01,2019-07-12,19-Jul,July,2019
2019-07-01,2019-07-15,19-Jul,July,2019
2019-07-01,2019-07-19,19-Jul,July,2019
2019-07-01,2019-07-26,19-Jul,July,2019
2019-07-01,2019-07-29,19-Jul,July,2019
2019-08-01,2019-08-01,19-Aug,August,2019
2019-08-01,2019-08-02,19-Aug,August,2019
2019-08-01,2019-08-09,19-Aug,August,2019
2019-08-01,2019-08-16,19-Aug,August,2019
2019-08-01,2019-08-28,19-Aug,August,2019
2019-09-01,2019-09-02,19-Sep,September,2019
2019-09-01,2019-09-03,19-Sep,September,2019
2019-09-01,2019-09-06,19-Sep,September,2019
2019-09-01,2019-09-13,19-Sep,September,2019
2019-09-01,2019-09-19,19-Sep,September,2019
2019-09-01,2019-09-20,19-Sep,September,2019
2019-09-01,2019-09-23,19-Sep,September,2019
2019-09-01,2019-09-27,19-Sep,September,2019
2019-10-01,2019-10-04,19-Oct,October,2019
2019-10-01,2019-10-07,19-Oct,October,2019
2019-10-01,2019-10-10,19-Oct,October,2019
2019-10-01,2019-10-18,19-Oct,October,2019
2019-10-01,2019-10-21,19-Oct,October,2019
2019-10-01,2019-10-25,19-Oct,October,2019
2019-10-01,2019-10-28,19-Oct,October,2019
2019-11-01,2019-11-01,19-Nov,November,2019
2019-11-01,2019-11-04,19-Nov,November,2019
2019-11-01,2019-11-07,19-Nov,November,2019
2019-11-01,2019-11-08,19-Nov,November,2019
2019-11-01,2019-11-15,19-Nov,November,2019
2019-11-01,2019-11-18,19-Nov,November,2019
2019-11-01,2019-11-22,19-Nov,November,2019
2019-11-01,2019-11-29,19-Nov,November,2019
2019-12-01,2019-12-06,19-Dec,December,2019
2019-12-01,2019-12-13,19-Dec,December,2019
2019-12-01,2019-12-20,19-Dec,December,2019
2020-01-01,2020-01-09,20-Jan,January,2020
2020-01-01,2020-01-10,20-Jan,January,2020
2020-01-01,2020-01-17,20-Jan,January,2020
2020-02-01,2020-02-07,20-Feb,February,2020
2020-02-01,2020-02-14,20-Feb,February,2020
