Currency,Customer Code,Market Code,Order Date,Product Code,cost_price,Normalized Amount,profit,profit_margin,Sales Amount,Sales Qty
INR,Cus001,Mark001,2017-10-10,Prod001,62.22,41241,39.78,0.39,41241,100
INR,Cus003,Mark003,2018-04-06,Prod002,72.42,875,29.58,0.29,875,1
INR,Cus003,Mark003,2018-04-11,Prod002,65.28,583,36.72,0.36,583,1
INR,Cus004,Mark003,2018-06-18,Prod002,137.7,7176,-35.7,-0.35,7176,6
USD,Cus005,Mark004,2017-11-20,Prod003,75.48,38000,26.52,0.26,500,59
USD,Cus005,Mark004,2017-11-22,Prod003,137.7,19000,-35.7,-0.35,250,36
INR,Cus005,Mark004,2017-11-23,Prod003,137.7,21412,-35.7,-0.35,21412,39
INR,Cus005,Mark004,2017-11-27,Prod003,67.32,19213,34.68,0.34,19213,35
INR,Cus005,Mark004,2017-11-28,Prod003,108.12,170185,-6.12,-0.06,170185,310
INR,Cus005,Mark004,2017-11-29,Prod003,73.44,101194,28.56,0.28,101194,184
INR,Cus005,Mark004,2017-11-30,Prod003,80.58,19213,21.42,0.21,19213,35
INR,Cus005,Mark004,2017-11-29,Prod004,82.62,9426,19.38,0.19,9426,17
INR,Cus005,Mark004,2017-12-19,Prod004,120.36,218,-18.36,-0.18,218,1
INR,Cus005,Mark004,2018-08-07,Prod005,135.66,3093,-33.66,-0.33,3093,5
INR,Cus006,Mark004,2017-12-04,Prod003,129.54,30306,-27.54,-0.27,30306,58
INR,Cus006,Mark004,2018-06-29,Prod005,135.66,52319,-33.66,-0.33,52319,38
INR,Cus006,Mark004,2018-07-02,Prod005,135.66,126296,-33.66,-0.33,126296,93
INR,Cus006,Mark004,2018-07-03,Prod005,83.64,107500,18.36,0.18,107500,79
INR,Cus006,Mark004,2018-07-04,Prod005,67.32,273,34.68,0.34,273,1
INR,Cus006,Mark004,2018-07-06,Prod005,111.18,3574,-9.18,-0.09,3574,3
INR,Cus006,Mark004,2018-07-13,Prod005,88.74,273,13.26,0.13,273,1
INR,Cus006,Mark004,2019-06-07,Prod005,63.24,23403,38.76,0.38,23403,20
INR,Cus006,Mark004,2019-07-29,Prod005,72.42,76329,29.58,0.29,76329,81
INR,Cus006,Mark004,2019-08-01,Prod005,126.48,4542,-24.48,-0.24,4542,5
INR,Cus006,Mark004,2019-09-19,Prod005,103.02,16579,-1.02,-0.01,16579,18
INR,Cus006,Mark004,2019-09-27,Prod005,68.34,105301,33.66,0.33,105301,90
INR,Cus007,Mark004,2017-10-09,Prod004,67.32,185,34.68,0.34,185,1
INR,Cus007,Mark004,2017-10-13,Prod004,112.2,556,-10.2,-0.1,556,1
INR,Cus007,Mark004,2017-10-27,Prod004,74.46,551,27.54,0.27,551,1
INR,Cus007,Mark004,2017-11-03,Prod004,76.5,167,25.5,0.25,167,1
INR,Cus007,Mark004,2017-11-06,Prod004,114.24,333,-12.24,-0.12,333,1
INR,Cus007,Mark004,2017-11-10,Prod004,135.66,500,-33.66,-0.33,500,1
INR,Cus007,Mark004,2017-11-16,Prod004,75.48,333,26.52,0.26,333,1
INR,Cus007,Mark004,2017-11-17,Prod004,134.64,333,-32.64,-0.32,333,1
INR,Cus007,Mark004,2017-11-27,Prod004,68.34,500,33.66,0.33,500,1
INR,Cus007,Mark004,2017-12-04,Prod004,93.84,833,8.16,0.08,833,1
INR,Cus007,Mark004,2017-12-08,Prod004,100.98,167,1.02,0.01,167,1
INR,Cus007,Mark004,2017-12-11,Prod004,103.02,833,-1.02,-0.01,833,1
INR,Cus007,Mark004,2017-12-18,Prod004,86.7,1000,15.3,0.15,1000,1
INR,Cus007,Mark004,2017-12-27,Prod004,87.72,1833,14.28,0.14,1833,2
INR,Cus007,Mark004,2017-12-28,Prod004,124.44,167,-22.44,-0.22,167,1
INR,Cus007,Mark004,2018-01-05,Prod004,93.84,167,8.16,0.08,167,1
INR,Cus007,Mark004,2018-01-08,Prod004,107.1,833,-5.1,-0.05,833,1
INR,Cus007,Mark004,2018-01-22,Prod004,66.3,167,35.7,0.35,167,1
INR,Cus007,Mark004,2018-02-21,Prod004,77.52,10657,24.48,0.24,10657,26
INR,Cus007,Mark004,2018-02-23,Prod004,116.28,167,-14.28,-0.14,167,1
INR,Cus007,Mark004,2018-08-03,Prod005,100.98,157,1.02,0.01,157,1
INR,Cus007,Mark004,2018-08-24,Prod005,86.7,315,15.3,0.15,315,1
INR,Cus007,Mark004,2018-09-21,Prod005,91.8,630,10.2,0.1,630,1
INR,Cus007,Mark004,2018-09-28,Prod005,127.5,315,-25.5,-0.25,315,1
INR,Cus007,Mark004,2018-11-09,Prod005,127.5,157,-25.5,-0.25,157,1
INR,Cus007,Mark004,2018-11-16,Prod005,119.34,472,-17.34,-0.17,472,1
INR,Cus007,Mark004,2018-12-07,Prod005,91.8,157,10.2,0.1,157,1
INR,Cus007,Mark004,2018-12-14,Prod005,68.34,157,33.66,0.33,157,1
INR,Cus007,Mark004,2019-01-25,Prod005,112.2,315,-10.2,-0.1,315,1
INR,Cus007,Mark004,2019-02-01,Prod005,121.38,157,-19.38,-0.19,157,1
INR,Cus007,Mark004,2019-02-08,Prod005,123.42,472,-21.42,-0.21,472,1
INR,Cus007,Mark004,2019-02-15,Prod005,132.6,472,-30.6,-0.3,472,1
INR,Cus007,Mark004,2019-02-22,Prod005,64.26,315,37.74,0.37,315,1
INR,Cus007,Mark004,2019-03-01,Prod005,111.18,472,-9.18,-0.09,472,1
INR,Cus007,Mark004,2019-03-08,Prod005,109.14,315,-7.14,-0.07,315,1
INR,Cus007,Mark004,2019-03-15,Prod005,107.1,157,-5.1,-0.05,157,1
INR,Cus007,Mark004,2019-03-22,Prod005,84.66,315,17.34,0.17,315,1
INR,Cus007,Mark004,2019-03-29,Prod005,74.46,315,27.54,0.27,315,1
INR,Cus007,Mark004,2019-04-05,Prod005,87.72,315,14.28,0.14,315,1
INR,Cus007,Mark004,2019-04-12,Prod005,83.64,787,18.36,0.18,787,1
INR,Cus007,Mark004,2019-04-23,Prod005,133.62,630,-31.62,-0.31,630,1
INR,Cus007,Mark004,2019-04-29,Prod005,78.54,472,23.46,0.23,472,1
INR,Cus007,Mark004,2019-05-06,Prod005,92.82,315,9.18,0.09,315,1
INR,Cus007,Mark004,2019-05-10,Prod005,126.48,787,-24.48,-0.24,787,1
INR,Cus007,Mark004,2019-05-17,Prod005,85.68,1102,16.32,0.16,1102,1
INR,Cus007,Mark004,2019-06-03,Prod005,86.7,787,15.3,0.15,787,1
INR,Cus007,Mark004,2019-06-07,Prod005,75.48,157,26.52,0.26,157,1
INR,Cus007,Mark004,2019-06-17,Prod005,126.48,315,-24.48,-0.24,315,1
INR,Cus007,Mark004,2019-06-24,Prod005,66.3,315,35.7,0.35,315,1
INR,Cus007,Mark004,2019-06-28,Prod005,88.74,315,13.26,0.13,315,1
INR,Cus007,Mark004,2019-07-05,Prod005,79.56,472,22.44,0.22,472,1
INR,Cus007,Mark004,2019-07-12,Prod005,63.24,630,38.76,0.38,630,1
INR,Cus007,Mark004,2019-07-19,Prod005,75.48,944,26.52,0.26,944,1
INR,Cus007,Mark004,2019-07-26,Prod005,133.62,1417,-31.62,-0.31,1417,2
INR,Cus007,Mark004,2019-08-02,Prod005,87.72,1417,14.28,0.14,1417,2
INR,Cus007,Mark004,2019-08-09,Prod005,67.32,787,34.68,0.34,787,1
INR,Cus007,Mark004,2019-08-16,Prod005,118.32,1259,-16.32,-0.16,1259,1
INR,Cus007,Mark004,2019-09-02,Prod005,99.96,1574,2.04,0.02,1574,2
INR,Cus007,Mark004,2019-09-03,Prod005,112.2,630,-10.2,-0.1,630,1
INR,Cus007,Mark004,2019-09-06,Prod005,61.2,157,40.8,0.4,157,1
INR,Cus007,Mark004,2019-09-13,Prod005,122.4,1417,-20.4,-0.2,1417,2
INR,Cus007,Mark004,2019-09-20,Prod005,120.36,630,-18.36,-0.18,630,1
INR,Cus007,Mark004,2019-09-23,Prod005,106.08,66111,-4.08,-0.04,66111,200
INR,Cus007,Mark004,2019-09-27,Prod005,112.2,1884,-10.2,-0.1,1884,2
INR,Cus007,Mark004,2019-10-07,Prod005,91.8,944,10.2,0.1,944,1
INR,Cus007,Mark004,2019-10-28,Prod005,93.84,2574,8.16,0.08,2574,7
INR,Cus007,Mark004,2019-11-08,Prod005,113.22,630,-11.22,-0.11,630,1
INR,Cus007,Mark004,2019-11-15,Prod005,86.7,472,15.3,0.15,472,1
INR,Cus007,Mark004,2019-11-22,Prod005,64.26,944,37.74,0.37,944,1
INR,Cus007,Mark004,2019-11-29,Prod005,66.3,1417,35.7,0.35,1417,2
INR,Cus007,Mark004,2019-12-06,Prod005,107.1,1259,-5.1,-0.05,1259,1
INR,Cus007,Mark004,2019-12-13,Prod005,92.82,3773,9.18,0.09,3773,4
INR,Cus007,Mark004,2019-12-20,Prod005,87.72,315,14.28,0.14,315,1
INR,Cus007,Mark004,2020-01-09,Prod005,102,630,0,0,630,1
INR,Cus007,Mark004,2020-01-10,Prod005,99.96,472,2.04,0.02,472,1
INR,Cus007,Mark004,2020-01-17,Prod005,106.08,2042,-4.08,-0.04,2042,2
INR,Cus007,Mark004,2020-02-07,Prod005,83.64,417,18.36,0.18,417,1
INR,Cus007,Mark004,2020-02-14,Prod005,136.68,310,-34.68,-0.34,310,1
INR,Cus007,Mark004,2020-02-28,Prod005,109.14,208,-7.14,-0.07,208,1
INR,Cus007,Mark004,2020-03-06,Prod005,129.54,620,-27.54,-0.27,620,1
INR,Cus007,Mark004,2020-03-13,Prod005,132.6,620,-30.6,-0.3,620,1
INR,Cus007,Mark004,2020-04-03,Prod005,111.18,829,-9.18,-0.09,829,1
INR,Cus007,Mark004,2020-04-14,Prod005,137.7,2694,-35.7,-0.35,2694,4
INR,Cus007,Mark004,2020-04-20,Prod005,130.56,102,-28.56,-0.28,102,1
INR,Cus007,Mark004,2020-05-15,Prod005,116.28,528,-14.28,-0.14,528,2
INR,Cus005,Mark004,2017-10-24,Prod006,130.56,380,-28.56,-0.28,380,1
INR,Cus007,Mark004,2017-10-25,Prod006,82.62,560,19.38,0.19,560,1
INR,Cus007,Mark004,2017-10-30,Prod006,120.36,560,-18.36,-0.18,560,1
INR,Cus007,Mark004,2017-11-27,Prod006,70.38,1116,31.62,0.31,1116,1
INR,Cus008,Mark005,2017-12-11,Prod006,96.9,657,5.1,0.05,657,1
INR,Cus007,Mark004,2017-12-12,Prod006,85.68,560,16.32,0.16,560,1
INR,Cus008,Mark005,2017-12-19,Prod006,117.3,657,-15.3,-0.15,657,1
INR,Cus007,Mark004,2018-02-12,Prod006,86.7,560,15.3,0.15,560,1
INR,Cus007,Mark004,2018-10-19,Prod007,133.62,6218,-31.62,-0.31,6218,11
INR,Cus007,Mark004,2017-11-20,Prod008,112.2,2426,-10.2,-0.1,2426,7
INR,Cus007,Mark004,2017-11-24,Prod008,112.2,15278,-10.2,-0.1,15278,33
INR,Cus009,Mark002,2018-11-14,Prod009,69.36,3032,32.64,0.32,3032,3
INR,Cus010,Mark003,2019-05-22,Prod009,95.88,3194,6.12,0.06,3194,2
INR,Cus010,Mark003,2019-05-23,Prod009,70.38,912,31.62,0.31,912,1
INR,Cus010,Mark003,2019-05-28,Prod009,112.2,1824,-10.2,-0.1,1824,1
INR,Cus010,Mark003,2019-05-29,Prod009,68.34,458,33.66,0.33,458,1
INR,Cus003,Mark003,2019-05-31,Prod009,87.72,4444,14.28,0.14,4444,3
INR,Cus010,Mark003,2019-06-03,Prod009,109.14,458,-7.14,-0.07,458,1
INR,Cus010,Mark003,2019-06-04,Prod009,102,458,0,0,458,1
INR,Cus010,Mark003,2019-06-05,Prod009,80.58,1824,21.42,0.21,1824,1
INR,Cus003,Mark003,2019-06-05,Prod009,62.22,2667,39.78,0.39,2667,2
INR,Cus010,Mark003,2019-06-06,Prod009,105.06,19171,-3.06,-0.03,19171,14
INR,Cus010,Mark003,2019-06-07,Prod009,116.28,458,-14.28,-0.14,458,1
INR,Cus010,Mark003,2019-06-11,Prod009,111.18,458,-9.18,-0.09,458,1
INR,Cus010,Mark003,2019-06-12,Prod009,117.3,458,-15.3,-0.15,458,1
INR,Cus010,Mark003,2019-06-14,Prod009,125.46,1370,-23.46,-0.23,1370,1
INR,Cus003,Mark003,2019-06-14,Prod009,109.14,2667,-7.14,-0.07,2667,2
INR,Cus003,Mark003,2019-06-17,Prod009,130.56,1333,-28.56,-0.28,1333,1
INR,Cus011,Mark003,2019-06-18,Prod009,93.84,597,8.16,0.08,597,1
INR,Cus003,Mark003,2019-06-18,Prod009,97.92,8889,4.08,0.04,8889,7
INR,Cus003,Mark003,2019-06-19,Prod009,128.52,1778,-26.52,-0.26,1778,1
INR,Cus010,Mark003,2019-06-28,Prod009,95.88,9130,6.12,0.06,9130,7
INR,Cus011,Mark003,2018-04-23,Prod010,115.26,602,-13.26,-0.13,602,1
INR,Cus012,Mark003,2018-05-03,Prod010,133.62,3227,-31.62,-0.31,3227,2
INR,Cus003,Mark003,2018-05-04,Prod010,121.38,449,-19.38,-0.19,449,1
INR,Cus003,Mark003,2018-05-07,Prod010,65.28,449,36.72,0.36,449,1
INR,Cus003,Mark003,2018-05-09,Prod010,113.22,449,-11.22,-0.11,449,1
INR,Cus003,Mark003,2018-05-11,Prod010,94.86,449,7.14,0.07,449,1
INR,Cus013,Mark003,2018-05-11,Prod010,95.88,9880,6.12,0.06,9880,7
INR,Cus011,Mark003,2018-05-16,Prod010,91.8,301,10.2,0.1,301,1
INR,Cus014,Mark003,2018-05-16,Prod010,114.24,7954,-12.24,-0.12,7954,6
INR,Cus012,Mark003,2018-05-17,Prod010,65.28,2153,36.72,0.36,2153,1
INR,Cus014,Mark003,2018-05-17,Prod010,131.58,5306,-29.58,-0.29,5306,4
INR,Cus003,Mark003,2018-05-18,Prod010,132.6,1801,-30.6,-0.3,1801,1
INR,Cus003,Mark003,2018-05-23,Prod010,91.8,2699,10.2,0.1,2699,2
INR,Cus012,Mark003,2018-05-24,Prod010,107.1,1616,-5.1,-0.05,1616,1
INR,Cus003,Mark003,2018-05-25,Prod010,64.26,2245,37.74,0.37,2245,2
INR,Cus003,Mark003,2018-05-28,Prod010,92.82,903,9.18,0.09,903,1
INR,Cus014,Mark003,2018-05-29,Prod010,92.82,5306,9.18,0.09,5306,4
INR,Cus010,Mark003,2018-05-30,Prod010,73.44,3778,28.56,0.28,3778,3
INR,Cus012,Mark003,2018-05-31,Prod010,80.58,537,21.42,0.21,537,1
INR,Cus010,Mark003,2018-05-31,Prod010,107.1,1417,-5.1,-0.05,1417,1
INR,Cus014,Mark003,2018-05-31,Prod010,100.98,5306,1.02,0.01,5306,4
INR,Cus010,Mark003,2018-06-01,Prod010,104.04,472,-2.04,-0.02,472,1
INR,Cus003,Mark003,2018-06-01,Prod010,124.44,4051,-22.44,-0.22,4051,3
INR,Cus013,Mark003,2018-06-01,Prod010,93.84,14815,8.16,0.08,14815,10
INR,Cus003,Mark003,2018-06-06,Prod010,121.38,4495,-19.38,-0.19,4495,3
INR,Cus012,Mark003,2018-06-07,Prod010,110.16,2690,-8.16,-0.08,2690,2
INR,Cus010,Mark003,2018-06-07,Prod010,100.98,1417,1.02,0.01,1417,1
INR,Cus003,Mark003,2018-06-08,Prod010,81.6,449,20.4,0.2,449,1
INR,Cus014,Mark003,2018-06-08,Prod010,64.26,23866,37.74,0.37,23866,18
INR,Cus003,Mark003,2018-06-11,Prod010,128.52,898,-26.52,-0.26,898,1
INR,Cus013,Mark003,2018-06-11,Prod010,90.78,4940,11.22,0.11,4940,3
INR,Cus003,Mark003,2018-06-13,Prod010,78.54,449,23.46,0.23,449,1
INR,Cus012,Mark003,2018-06-14,Prod010,64.26,2153,37.74,0.37,2153,1
INR,Cus010,Mark003,2018-06-14,Prod010,127.5,472,-25.5,-0.25,472,1
INR,Cus003,Mark003,2018-06-14,Prod010,61.2,449,40.8,0.4,449,1
INR,Cus014,Mark003,2018-06-14,Prod010,134.64,5306,-32.64,-0.32,5306,4
INR,Cus003,Mark003,2018-06-15,Prod010,97.92,3602,4.08,0.04,3602,3
INR,Cus011,Mark003,2018-06-18,Prod010,103.02,3583,-1.02,-0.01,3583,4
INR,Cus003,Mark003,2018-06-18,Prod010,130.56,4954,-28.56,-0.28,4954,4
INR,Cus010,Mark003,2018-06-21,Prod010,96.9,1889,5.1,0.05,1889,1
INR,Cus010,Mark003,2018-07-18,Prod010,68.34,472,33.66,0.33,472,1
INR,Cus003,Mark003,2018-07-18,Prod010,80.58,1352,21.42,0.21,1352,1
INR,Cus012,Mark003,2018-07-19,Prod010,62.22,1616,39.78,0.39,1616,1
INR,Cus003,Mark003,2018-07-19,Prod010,130.56,449,-28.56,-0.28,449,1
INR,Cus003,Mark003,2018-07-23,Prod010,135.66,1801,-33.66,-0.33,1801,1
INR,Cus003,Mark003,2018-07-30,Prod010,121.38,1801,-19.38,-0.19,1801,1
INR,Cus003,Mark003,2019-01-25,Prod010,123.42,449,-21.42,-0.21,449,1
INR,Cus003,Mark003,2019-02-04,Prod010,85.68,449,16.32,0.16,449,1
INR,Cus003,Mark003,2019-02-20,Prod010,86.7,449,15.3,0.15,449,1
INR,Cus003,Mark003,2019-03-13,Prod010,89.76,444,12.24,0.12,444,1
INR,Cus003,Mark003,2019-03-28,Prod010,106.08,444,-4.08,-0.04,444,1
INR,Cus016,Mark002,2017-10-06,Prod011,125.46,505,-23.46,-0.23,505,1
INR,Cus016,Mark002,2017-10-13,Prod011,85.68,1514,16.32,0.16,1514,1
INR,Cus016,Mark002,2017-10-20,Prod011,111.18,2023,-9.18,-0.09,2023,1
INR,Cus016,Mark002,2017-10-27,Prod011,104.04,37889,-2.04,-0.02,37889,25
INR,Cus016,Mark002,2018-02-08,Prod011,79.56,593,22.44,0.22,593,1
INR,Cus007,Mark004,2018-02-16,Prod011,116.28,597,-14.28,-0.14,597,1
INR,Cus007,Mark004,2018-02-26,Prod011,74.46,2389,27.54,0.27,2389,1
INR,Cus016,Mark002,2018-03-01,Prod011,137.7,593,-35.7,-0.35,593,1
INR,Cus007,Mark004,2018-03-02,Prod011,112.2,1194,-10.2,-0.1,1194,1
INR,Cus007,Mark004,2018-03-05,Prod011,99.96,13736,2.04,0.02,13736,8
INR,Cus007,Mark004,2018-03-12,Prod011,99.96,1194,2.04,0.02,1194,1
INR,Cus007,Mark004,2018-04-03,Prod011,70.38,597,31.62,0.31,597,1
INR,Cus007,Mark004,2018-04-09,Prod011,103.02,597,-1.02,-0.01,597,1
INR,Cus007,Mark004,2018-04-13,Prod011,64.26,597,37.74,0.37,597,1
INR,Cus017,Mark007,2018-04-24,Prod011,124.44,17472,-22.44,-0.22,17472,17
INR,Cus007,Mark004,2018-04-26,Prod011,115.26,2986,-13.26,-0.13,2986,2
INR,Cus007,Mark004,2018-04-27,Prod011,110.16,2986,-8.16,-0.08,2986,2
INR,Cus007,Mark004,2018-05-07,Prod011,103.02,597,-1.02,-0.01,597,1
INR,Cus007,Mark004,2018-05-14,Prod011,113.22,1194,-11.22,-0.11,1194,1
INR,Cus007,Mark004,2018-05-18,Prod011,93.84,796,8.16,0.08,796,1
INR,Cus017,Mark007,2018-05-31,Prod011,99.96,26722,2.04,0.02,26722,26
INR,Cus007,Mark004,2018-06-11,Prod011,61.2,796,40.8,0.4,796,1
INR,Cus007,Mark004,2018-06-13,Prod011,113.22,796,-11.22,-0.11,796,1
INR,Cus007,Mark004,2018-06-14,Prod011,108.12,3185,-6.12,-0.06,3185,1
INR,Cus007,Mark004,2018-06-18,Prod011,83.64,796,18.36,0.18,796,1
INR,Cus007,Mark004,2018-06-22,Prod011,105.06,2389,-3.06,-0.03,2389,1
INR,Cus007,Mark004,2018-06-29,Prod011,88.74,3185,13.26,0.13,3185,1
INR,Cus007,Mark004,2018-07-09,Prod011,121.38,5574,-19.38,-0.19,5574,2
INR,Cus007,Mark004,2018-07-13,Prod011,74.46,796,27.54,0.27,796,1
INR,Cus007,Mark004,2018-07-20,Prod011,100.98,796,1.02,0.01,796,1
INR,Cus007,Mark004,2018-07-27,Prod011,106.08,796,-4.08,-0.04,796,1
INR,Cus007,Mark004,2018-08-03,Prod011,62.22,1593,39.78,0.39,1593,1
INR,Cus016,Mark002,2018-10-12,Prod011,62.22,514,39.78,0.39,514,1
INR,Cus007,Mark004,2018-10-17,Prod011,69.36,4759,32.64,0.32,4759,1
INR,Cus007,Mark004,2018-10-25,Prod011,84.66,1190,17.34,0.17,1190,1
INR,Cus007,Mark004,2018-10-26,Prod011,126.48,1190,-24.48,-0.24,1190,1
INR,Cus016,Mark002,2018-10-31,Prod011,130.56,4106,-28.56,-0.28,4106,3
INR,Cus007,Mark004,2018-11-05,Prod011,79.56,5949,22.44,0.22,5949,2
INR,Cus007,Mark004,2018-11-06,Prod011,72.42,5949,29.58,0.29,5949,2
INR,Cus016,Mark002,2018-12-07,Prod011,97.92,514,4.08,0.04,514,1
INR,Cus016,Mark002,2018-12-14,Prod011,62.22,514,39.78,0.39,514,1
INR,Cus016,Mark002,2018-12-21,Prod011,87.72,514,14.28,0.14,514,1
INR,Cus016,Mark002,2019-01-28,Prod011,129.54,514,-27.54,-0.27,514,1
INR,Cus016,Mark002,2019-02-01,Prod011,86.7,514,15.3,0.15,514,1
INR,Cus016,Mark002,2019-02-08,Prod011,69.36,1028,32.64,0.32,1028,1
INR,Cus016,Mark002,2019-02-15,Prod011,79.56,2056,22.44,0.22,2056,1
INR,Cus007,Mark004,2019-02-22,Prod011,70.38,796,31.62,0.31,796,1
INR,Cus016,Mark002,2019-02-22,Prod011,66.3,1542,35.7,0.35,1542,1
INR,Cus016,Mark002,2019-03-01,Prod011,111.18,514,-9.18,-0.09,514,1
INR,Cus016,Mark002,2019-03-08,Prod011,108.12,1028,-6.12,-0.06,1028,1
INR,Cus007,Mark004,2019-04-12,Prod011,76.5,796,25.5,0.25,796,1
INR,Cus007,Mark004,2019-06-03,Prod011,75.48,796,26.52,0.26,796,1
INR,Cus007,Mark004,2019-06-17,Prod011,133.62,1593,-31.62,-0.31,1593,1
INR,Cus007,Mark004,2019-06-24,Prod011,128.52,796,-26.52,-0.26,796,1
INR,Cus011,Mark003,2019-07-15,Prod011,89.76,611,12.24,0.12,611,1
INR,Cus016,Mark002,2019-08-16,Prod011,67.32,1028,34.68,0.34,1028,1
INR,Cus016,Mark002,2019-09-27,Prod011,133.62,514,-31.62,-0.31,514,1
INR,Cus016,Mark002,2019-10-04,Prod011,83.64,514,18.36,0.18,514,1
INR,Cus016,Mark002,2019-10-18,Prod011,72.42,514,29.58,0.29,514,1
INR,Cus007,Mark004,2019-10-21,Prod011,86.7,796,15.3,0.15,796,1
INR,Cus007,Mark004,2019-10-25,Prod011,62.22,796,39.78,0.39,796,1
INR,Cus016,Mark002,2019-11-01,Prod011,78.54,514,23.46,0.23,514,1
INR,Cus007,Mark004,2019-11-04,Prod011,136.68,796,-34.68,-0.34,796,1
INR,Cus007,Mark004,2019-11-08,Prod011,72.42,1593,29.58,0.29,1593,1
INR,Cus016,Mark002,2019-11-08,Prod011,90.78,514,11.22,0.11,514,1
INR,Cus007,Mark004,2019-11-15,Prod011,75.48,3185,26.52,0.26,3185,1
INR,Cus016,Mark002,2019-11-15,Prod011,81.6,514,20.4,0.2,514,1
INR,Cus016,Mark002,2019-11-18,Prod011,84.66,514,17.34,0.17,514,1
INR,Cus007,Mark004,2019-12-06,Prod011,102,4778,0,0,4778,2
INR,Cus016,Mark002,2019-12-06,Prod011,88.74,514,13.26,0.13,514,1
INR,Cus007,Mark004,2019-12-13,Prod011,136.68,10352,-34.68,-0.34,10352,4
INR,Cus007,Mark004,2019-12-20,Prod011,79.56,796,22.44,0.22,796,1
INR,Cus016,Mark002,2020-06-12,Prod011,64.26,1028,37.74,0.37,1028,1
INR,Cus016,Mark002,2020-06-16,Prod011,85.68,514,16.32,0.16,514,1
INR,Cus019,Mark002,2018-06-05,Prod012,93.84,29648,8.16,0.08,29648,33
INR,Cus001,Mark001,2017-10-10,Prod013,130.56,143560,-28.56,-0.28,143560,240
INR,Cus005,Mark004,2017-10-11,Prod013,113.22,6204,-11.22,-0.11,6204,7
INR,Cus007,Mark004,2017-10-16,Prod013,64.26,495,37.74,0.37,495,1
INR,Cus006,Mark004,2017-10-23,Prod013,89.76,25130,12.24,0.12,25130,20
INR,Cus007,Mark004,2017-10-25,Prod013,62.22,986,39.78,0.39,986,1
INR,Cus020,Mark004,2017-11-02,Prod013,82.62,23898,19.38,0.19,23898,13
INR,Cus005,Mark004,2017-11-03,Prod013,99.96,296,2.04,0.02,296,1
INR,Cus006,Mark004,2017-11-08,Prod013,65.28,356,36.72,0.36,356,1
INR,Cus001,Mark001,2017-10-10,Prod001,108.12,41241,-6.12,-0.06,41241,100
INR,Cus003,Mark003,2018-04-06,Prod002,86.7,875,15.3,0.15,875,1
INR,Cus003,Mark003,2018-04-11,Prod002,73.44,583,28.56,0.28,583,1
INR,Cus004,Mark003,2018-06-18,Prod002,76.5,7176,25.5,0.25,7176,6
USD,Cus005,Mark004,2017-11-20,Prod003,130.56,38000,-28.56,-0.28,500,59
USD,Cus005,Mark004,2017-11-22,Prod003,121.38,19000,-19.38,-0.19,250,36
INR,Cus005,Mark004,2017-11-23,Prod003,63.24,21412,38.76,0.38,21412,39
INR,Cus005,Mark004,2017-11-27,Prod003,127.5,19213,-25.5,-0.25,19213,35
INR,Cus005,Mark004,2017-11-28,Prod003,90.78,170185,11.22,0.11,170185,310
INR,Cus005,Mark004,2017-11-29,Prod003,86.7,101194,15.3,0.15,101194,184
INR,Cus005,Mark004,2017-11-30,Prod003,103.02,19213,-1.02,-0.01,19213,35
INR,Cus005,Mark004,2017-11-29,Prod004,93.84,9426,8.16,0.08,9426,17
INR,Cus005,Mark004,2017-12-19,Prod004,108.12,218,-6.12,-0.06,218,1
INR,Cus005,Mark004,2018-08-07,Prod005,124.44,3093,-22.44,-0.22,3093,5
INR,Cus006,Mark004,2017-12-04,Prod003,89.76,30306,12.24,0.12,30306,58
INR,Cus006,Mark004,2018-06-29,Prod005,96.9,52319,5.1,0.05,52319,38
INR,Cus006,Mark004,2018-07-02,Prod005,108.12,126296,-6.12,-0.06,126296,93
INR,Cus006,Mark004,2018-07-03,Prod005,136.68,107500,-34.68,-0.34,107500,79
INR,Cus006,Mark004,2018-07-04,Prod005,111.18,273,-9.18,-0.09,273,1
INR,Cus006,Mark004,2018-07-06,Prod005,98.94,3574,3.06,0.03,3574,3
INR,Cus006,Mark004,2018-07-13,Prod005,107.1,273,-5.1,-0.05,273,1
INR,Cus006,Mark004,2019-06-07,Prod005,124.44,23403,-22.44,-0.22,23403,20
INR,Cus006,Mark004,2019-07-29,Prod005,82.62,76329,19.38,0.19,76329,81
INR,Cus006,Mark004,2019-08-01,Prod005,64.26,4542,37.74,0.37,4542,5
INR,Cus006,Mark004,2019-09-19,Prod005,91.8,16579,10.2,0.1,16579,18
INR,Cus006,Mark004,2019-09-27,Prod005,133.62,105301,-31.62,-0.31,105301,90
INR,Cus007,Mark004,2017-10-09,Prod004,135.66,185,-33.66,-0.33,185,1
INR,Cus007,Mark004,2017-10-13,Prod004,111.18,556,-9.18,-0.09,556,1
INR,Cus007,Mark004,2017-10-27,Prod004,131.58,551,-29.58,-0.29,551,1
INR,Cus007,Mark004,2017-11-03,Prod004,84.66,167,17.34,0.17,167,1
INR,Cus007,Mark004,2017-11-06,Prod004,121.38,333,-19.38,-0.19,333,1
INR,Cus007,Mark004,2017-11-10,Prod004,84.66,500,17.34,0.17,500,1
INR,Cus007,Mark004,2017-11-16,Prod004,115.26,333,-13.26,-0.13,333,1
INR,Cus007,Mark004,2017-11-17,Prod004,120.36,333,-18.36,-0.18,333,1
INR,Cus007,Mark004,2017-11-27,Prod004,118.32,500,-16.32,-0.16,500,1
INR,Cus007,Mark004,2017-12-04,Prod004,115.26,833,-13.26,-0.13,833,1
INR,Cus007,Mark004,2017-12-08,Prod004,102,167,0,0,167,1
INR,Cus007,Mark004,2017-12-11,Prod004,135.66,833,-33.66,-0.33,833,1
INR,Cus007,Mark004,2017-12-18,Prod004,81.6,1000,20.4,0.2,1000,1
INR,Cus007,Mark004,2017-12-27,Prod004,91.8,1833,10.2,0.1,1833,2
INR,Cus007,Mark004,2017-12-28,Prod004,76.5,167,25.5,0.25,167,1
INR,Cus007,Mark004,2018-01-05,Prod004,82.62,167,19.38,0.19,167,1
INR,Cus007,Mark004,2018-01-08,Prod004,77.52,833,24.48,0.24,833,1
INR,Cus007,Mark004,2018-01-22,Prod004,70.38,167,31.62,0.31,167,1
INR,Cus007,Mark004,2018-02-21,Prod004,98.94,10657,3.06,0.03,10657,26
INR,Cus007,Mark004,2018-02-23,Prod004,107.1,167,-5.1,-0.05,167,1
INR,Cus007,Mark004,2018-08-03,Prod005,132.6,157,-30.6,-0.3,157,1
INR,Cus007,Mark004,2018-08-24,Prod005,126.48,315,-24.48,-0.24,315,1
INR,Cus007,Mark004,2018-09-21,Prod005,100.98,630,1.02,0.01,630,1
INR,Cus007,Mark004,2018-09-28,Prod005,133.62,315,-31.62,-0.31,315,1
INR,Cus007,Mark004,2018-11-09,Prod005,76.5,157,25.5,0.25,157,1
INR,Cus007,Mark004,2018-11-16,Prod005,109.14,472,-7.14,-0.07,472,1
INR,Cus007,Mark004,2018-12-07,Prod005,70.38,157,31.62,0.31,157,1
INR,Cus007,Mark004,2018-12-14,Prod005,129.54,157,-27.54,-0.27,157,1
INR,Cus007,Mark004,2019-01-25,Prod005,119.34,315,-17.34,-0.17,315,1
INR,Cus007,Mark004,2019-02-01,Prod005,112.2,157,-10.2,-0.1,157,1
INR,Cus007,Mark004,2019-02-08,Prod005,89.76,472,12.24,0.12,472,1
INR,Cus007,Mark004,2019-02-15,Prod005,130.56,472,-28.56,-0.28,472,1
INR,Cus007,Mark004,2019-02-22,Prod005,116.28,315,-14.28,-0.14,315,1
INR,Cus007,Mark004,2019-03-01,Prod005,118.32,472,-16.32,-0.16,472,1
INR,Cus007,Mark004,2019-03-08,Prod005,99.96,315,2.04,0.02,315,1
INR,Cus007,Mark004,2019-03-15,Prod005,136.68,157,-34.68,-0.34,157,1
INR,Cus007,Mark004,2019-03-22,Prod005,99.96,315,2.04,0.02,315,1
INR,Cus007,Mark004,2019-03-29,Prod005,91.8,315,10.2,0.1,315,1
INR,Cus007,Mark004,2019-04-05,Prod005,84.66,315,17.34,0.17,315,1
INR,Cus007,Mark004,2019-04-12,Prod005,102,787,0,0,787,1
INR,Cus007,Mark004,2019-04-23,Prod005,110.16,630,-8.16,-0.08,630,1
INR,Cus007,Mark004,2019-04-29,Prod005,61.2,472,40.8,0.4,472,1
INR,Cus007,Mark004,2019-05-06,Prod005,69.36,315,32.64,0.32,315,1
INR,Cus007,Mark004,2019-05-10,Prod005,74.46,787,27.54,0.27,787,1
INR,Cus007,Mark004,2019-05-17,Prod005,83.64,1102,18.36,0.18,1102,1
INR,Cus007,Mark004,2019-06-03,Prod005,68.34,787,33.66,0.33,787,1
INR,Cus007,Mark004,2019-06-07,Prod005,86.7,157,15.3,0.15,157,1
INR,Cus007,Mark004,2019-06-17,Prod005,61.2,315,40.8,0.4,315,1
INR,Cus007,Mark004,2019-06-24,Prod005,129.54,315,-27.54,-0.27,315,1
INR,Cus007,Mark004,2019-06-28,Prod005,69.36,315,32.64,0.32,315,1
INR,Cus007,Mark004,2019-07-05,Prod005,75.48,472,26.52,0.26,472,1
INR,Cus007,Mark004,2019-07-12,Prod005,95.88,630,6.12,0.06,630,1
INR,Cus007,Mark004,2019-07-19,Prod005,112.2,944,-10.2,-0.1,944,1
INR,Cus007,Mark004,2019-07-26,Prod005,76.5,1417,25.5,0.25,1417,2
INR,Cus007,Mark004,2019-08-02,Prod005,118.32,1417,-16.32,-0.16,1417,2
INR,Cus007,Mark004,2019-08-09,Prod005,95.88,787,6.12,0.06,787,1
INR,Cus007,Mark004,2019-08-16,Prod005,80.58,1259,21.42,0.21,1259,1
INR,Cus007,Mark004,2019-09-02,Prod005,95.88,1574,6.12,0.06,1574,2
INR,Cus007,Mark004,2019-09-03,Prod005,117.3,630,-15.3,-0.15,630,1
INR,Cus007,Mark004,2019-09-06,Prod005,134.64,157,-32.64,-0.32,157,1
INR,Cus007,Mark004,2019-09-13,Prod005,76.5,1417,25.5,0.25,1417,2
INR,Cus007,Mark004,2019-09-20,Prod005,94.86,630,7.14,0.07,630,1
INR,Cus007,Mark004,2019-09-23,Prod005,115.26,66111,-13.26,-0.13,66111,200
INR,Cus007,Mark004,2019-09-27,Prod005,83.64,1884,18.36,0.18,1884,2
INR,Cus007,Mark004,2019-10-07,Prod005,112.2,944,-10.2,-0.1,944,1
INR,Cus007,Mark004,2019-10-28,Prod005,108.12,2574,-6.12,-0.06,2574,7
INR,Cus007,Mark004,2019-11-08,Prod005,130.56,630,-28.56,-0.28,630,1
INR,Cus007,Mark004,2019-11-15,Prod005,109.14,472,-7.14,-0.07,472,1
INR,Cus007,Mark004,2019-11-22,Prod005,132.6,944,-30.6,-0.3,944,1
INR,Cus007,Mark004,2019-11-29,Prod005,63.7,1417,1.3,0.02,1417,2
INR,Cus007,Mark004,2019-12-06,Prod005,79.3,1259,-14.3,-0.22,1259,1
INR,Cus007,Mark004,2019-12-13,Prod005,39.65,3773,25.35,0.39,3773,4
INR,Cus007,Mark004,2019-12-20,Prod005,39,315,26,0.4,315,1
INR,Cus007,Mark004,2020-01-09,Prod005,85.8,630,-20.8,-0.32,630,1
INR,Cus007,Mark004,2020-01-10,Prod005,48.1,472,16.9,0.26,472,1
INR,Cus007,Mark004,2020-01-17,Prod005,70.85,2042,-5.85,-0.09,2042,2
INR,Cus007,Mark004,2020-02-07,Prod005,76.05,417,-11.05,-0.17,417,1
INR,Cus007,Mark004,2020-02-14,Prod005,72.15,310,-7.15,-0.11,310,1
INR,Cus007,Mark004,2020-02-28,Prod005,83.85,208,-18.85,-0.29,208,1
INR,Cus007,Mark004,2020-03-06,Prod005,78,620,-13,-0.2,620,1
INR,Cus007,Mark004,2020-03-13,Prod005,87.1,620,-22.1,-0.34,620,1
INR,Cus007,Mark004,2020-04-03,Prod005,65,829,0,0,829,1
INR,Cus007,Mark004,2020-04-14,Prod005,74.1,2694,-9.1,-0.14,2694,4
INR,Cus007,Mark004,2020-04-20,Prod005,81.25,102,-16.25,-0.25,102,1
INR,Cus007,Mark004,2020-05-15,Prod005,81.25,528,-16.25,-0.25,528,2
INR,Cus005,Mark004,2017-10-24,Prod006,48.75,380,16.25,0.25,380,1
INR,Cus007,Mark004,2017-10-25,Prod006,83.2,560,-18.2,-0.28,560,1
INR,Cus007,Mark004,2017-10-30,Prod006,76.7,560,-11.7,-0.18,560,1
INR,Cus007,Mark004,2017-11-27,Prod006,67.6,1116,-2.6,-0.04,1116,1
INR,Cus008,Mark005,2017-12-11,Prod006,52,657,13,0.2,657,1
INR,Cus007,Mark004,2017-12-12,Prod006,86.45,560,-21.45,-0.33,560,1
INR,Cus008,Mark005,2017-12-19,Prod006,49.4,657,15.6,0.24,657,1
INR,Cus007,Mark004,2018-02-12,Prod006,86.45,560,-21.45,-0.33,560,1
INR,Cus007,Mark004,2018-10-19,Prod007,42.9,6218,22.1,0.34,6218,11
INR,Cus007,Mark004,2017-11-20,Prod008,83.85,2426,-18.85,-0.29,2426,7
INR,Cus007,Mark004,2017-11-24,Prod008,70.85,15278,-5.85,-0.09,15278,33
INR,Cus009,Mark002,2018-11-14,Prod009,46.15,3032,18.85,0.29,3032,3
INR,Cus010,Mark003,2019-05-22,Prod009,58.5,3194,6.5,0.1,3194,2
INR,Cus010,Mark003,2019-05-23,Prod009,76.7,912,-11.7,-0.18,912,1
INR,Cus010,Mark003,2019-05-28,Prod009,55.9,1824,9.1,0.14,1824,1
INR,Cus010,Mark003,2019-05-29,Prod009,68.25,458,-3.25,-0.05,458,1
INR,Cus003,Mark003,2019-05-31,Prod009,63.05,4444,1.95,0.03,4444,3
INR,Cus010,Mark003,2019-06-03,Prod009,55.25,458,9.75,0.15,458,1
INR,Cus010,Mark003,2019-06-04,Prod009,76.7,458,-11.7,-0.18,458,1
INR,Cus010,Mark003,2019-06-05,Prod009,85.8,1824,-20.8,-0.32,1824,1
INR,Cus003,Mark003,2019-06-05,Prod009,78.65,2667,-13.65,-0.21,2667,2
INR,Cus010,Mark003,2019-06-06,Prod009,78.65,19171,-13.65,-0.21,19171,14
INR,Cus010,Mark003,2019-06-07,Prod009,39,458,26,0.4,458,1
INR,Cus010,Mark003,2019-06-11,Prod009,39.65,458,25.35,0.39,458,1
INR,Cus010,Mark003,2019-06-12,Prod009,56.55,458,8.45,0.13,458,1
INR,Cus010,Mark003,2019-06-14,Prod009,44.85,1370,20.15,0.31,1370,1
INR,Cus003,Mark003,2019-06-14,Prod009,71.5,2667,-6.5,-0.1,2667,2
INR,Cus003,Mark003,2019-06-17,Prod009,72.15,1333,-7.15,-0.11,1333,1
INR,Cus011,Mark003,2019-06-18,Prod009,84.5,597,-19.5,-0.3,597,1
INR,Cus003,Mark003,2019-06-18,Prod009,83.2,8889,-18.2,-0.28,8889,7
INR,Cus003,Mark003,2019-06-19,Prod009,40.95,1778,24.05,0.37,1778,1
INR,Cus010,Mark003,2019-06-28,Prod009,52.65,9130,12.35,0.19,9130,7
INR,Cus011,Mark003,2018-04-23,Prod010,47.45,602,17.55,0.27,602,1
INR,Cus012,Mark003,2018-05-03,Prod010,74.75,3227,-9.75,-0.15,3227,2
INR,Cus003,Mark003,2018-05-04,Prod010,68.25,449,-3.25,-0.05,449,1
INR,Cus003,Mark003,2018-05-07,Prod010,83.2,449,-18.2,-0.28,449,1
INR,Cus003,Mark003,2018-05-09,Prod010,51.35,449,13.65,0.21,449,1
INR,Cus003,Mark003,2018-05-11,Prod010,79.3,449,-14.3,-0.22,449,1
INR,Cus013,Mark003,2018-05-11,Prod010,76.7,9880,-11.7,-0.18,9880,7
INR,Cus011,Mark003,2018-05-16,Prod010,69.55,301,-4.55,-0.07,301,1
INR,Cus014,Mark003,2018-05-16,Prod010,85.8,7954,-20.8,-0.32,7954,6
INR,Cus012,Mark003,2018-05-17,Prod010,51.35,2153,13.65,0.21,2153,1
INR,Cus014,Mark003,2018-05-17,Prod010,42.9,5306,22.1,0.34,5306,4
INR,Cus003,Mark003,2018-05-18,Prod010,65.65,1801,-0.65,-0.01,1801,1
INR,Cus003,Mark003,2018-05-23,Prod010,62.4,2699,2.6,0.04,2699,2
INR,Cus012,Mark003,2018-05-24,Prod010,51.35,1616,13.65,0.21,1616,1
INR,Cus003,Mark003,2018-05-25,Prod010,56.55,2245,8.45,0.13,2245,2
INR,Cus003,Mark003,2018-05-28,Prod010,81.25,903,-16.25,-0.25,903,1
INR,Cus014,Mark003,2018-05-29,Prod010,70.85,5306,-5.85,-0.09,5306,4
INR,Cus010,Mark003,2018-05-30,Prod010,63.7,3778,1.3,0.02,3778,3
INR,Cus012,Mark003,2018-05-31,Prod010,86.45,537,-21.45,-0.33,537,1
INR,Cus010,Mark003,2018-05-31,Prod010,56.55,1417,8.45,0.13,1417,1
INR,Cus014,Mark003,2018-05-31,Prod010,70.2,5306,-5.2,-0.08,5306,4
INR,Cus010,Mark003,2018-06-01,Prod010,80.6,472,-15.6,-0.24,472,1
INR,Cus003,Mark003,2018-06-01,Prod010,82.55,4051,-17.55,-0.27,4051,3
INR,Cus013,Mark003,2018-06-01,Prod010,49.4,14815,15.6,0.24,14815,10
INR,Cus003,Mark003,2018-06-06,Prod010,71.5,4495,-6.5,-0.1,4495,3
INR,Cus012,Mark003,2018-06-07,Prod010,41.6,2690,23.4,0.36,2690,2
INR,Cus010,Mark003,2018-06-07,Prod010,70.2,1417,-5.2,-0.08,1417,1
INR,Cus003,Mark003,2018-06-08,Prod010,53.3,449,11.7,0.18,449,1
INR,Cus014,Mark003,2018-06-08,Prod010,43.55,23866,21.45,0.33,23866,18
INR,Cus003,Mark003,2018-06-11,Prod010,43.55,898,21.45,0.33,898,1
INR,Cus013,Mark003,2018-06-11,Prod010,60.45,4940,4.55,0.07,4940,3
INR,Cus003,Mark003,2018-06-13,Prod010,48.1,449,16.9,0.26,449,1
INR,Cus012,Mark003,2018-06-14,Prod010,60.45,2153,4.55,0.07,2153,1
INR,Cus010,Mark003,2018-06-14,Prod010,40.95,472,24.05,0.37,472,1
INR,Cus003,Mark003,2018-06-14,Prod010,72.15,449,-7.15,-0.11,449,1
INR,Cus014,Mark003,2018-06-14,Prod010,39,5306,26,0.4,5306,4
INR,Cus003,Mark003,2018-06-15,Prod010,61.1,3602,3.9,0.06,3602,3
INR,Cus011,Mark003,2018-06-18,Prod010,83.2,3583,-18.2,-0.28,3583,4
INR,Cus003,Mark003,2018-06-18,Prod010,58.5,4954,6.5,0.1,4954,4
INR,Cus010,Mark003,2018-06-21,Prod010,62.4,1889,2.6,0.04,1889,1
INR,Cus010,Mark003,2018-07-18,Prod010,79.3,472,-14.3,-0.22,472,1
INR,Cus003,Mark003,2018-07-18,Prod010,83.2,1352,-18.2,-0.28,1352,1
INR,Cus012,Mark003,2018-07-19,Prod010,72.8,1616,-7.8,-0.12,1616,1
INR,Cus003,Mark003,2018-07-19,Prod010,71.5,449,-6.5,-0.1,449,1
INR,Cus003,Mark003,2018-07-23,Prod010,51.35,1801,13.65,0.21,1801,1
INR,Cus003,Mark003,2018-07-30,Prod010,66.95,1801,-1.95,-0.03,1801,1
INR,Cus003,Mark003,2019-01-25,Prod010,42.9,449,22.1,0.34,449,1
INR,Cus003,Mark003,2019-02-04,Prod010,64.35,449,0.65,0.01,449,1
INR,Cus003,Mark003,2019-02-20,Prod010,51.35,449,13.65,0.21,449,1
INR,Cus003,Mark003,2019-03-13,Prod010,63.05,444,1.95,0.03,444,1
INR,Cus003,Mark003,2019-03-28,Prod010,49.4,444,15.6,0.24,444,1
INR,Cus016,Mark002,2017-10-06,Prod011,78,505,-13,-0.2,505,1
INR,Cus016,Mark002,2017-10-13,Prod011,48.75,1514,16.25,0.25,1514,1
INR,Cus016,Mark002,2017-10-20,Prod011,85.15,2023,-20.15,-0.31,2023,1
INR,Cus016,Mark002,2017-10-27,Prod011,76.05,37889,-11.05,-0.17,37889,25
INR,Cus016,Mark002,2018-02-08,Prod011,68.25,593,-3.25,-0.05,593,1
INR,Cus007,Mark004,2018-02-16,Prod011,57.85,597,7.15,0.11,597,1
INR,Cus007,Mark004,2018-02-26,Prod011,77.35,2389,-12.35,-0.19,2389,1
INR,Cus016,Mark002,2018-03-01,Prod011,81.9,593,-16.9,-0.26,593,1
INR,Cus007,Mark004,2018-03-02,Prod011,63.05,1194,1.95,0.03,1194,1
INR,Cus007,Mark004,2018-03-05,Prod011,83.2,13736,-18.2,-0.28,13736,8
INR,Cus007,Mark004,2018-03-12,Prod011,43.55,1194,21.45,0.33,1194,1
INR,Cus007,Mark004,2018-04-03,Prod011,82.55,597,-17.55,-0.27,597,1
INR,Cus007,Mark004,2018-04-09,Prod011,61.1,597,3.9,0.06,597,1
INR,Cus007,Mark004,2018-04-13,Prod011,41.6,597,23.4,0.36,597,1
INR,Cus017,Mark007,2018-04-24,Prod011,64.35,17472,0.65,0.01,17472,17
INR,Cus007,Mark004,2018-04-26,Prod011,44.2,2986,20.8,0.32,2986,2
INR,Cus007,Mark004,2018-04-27,Prod011,44.85,2986,20.15,0.31,2986,2
INR,Cus007,Mark004,2018-05-07,Prod011,55.25,597,9.75,0.15,597,1
INR,Cus007,Mark004,2018-05-14,Prod011,76.7,1194,-11.7,-0.18,1194,1
INR,Cus007,Mark004,2018-05-18,Prod011,68.25,796,-3.25,-0.05,796,1
INR,Cus017,Mark007,2018-05-31,Prod011,76.7,26722,-11.7,-0.18,26722,26
INR,Cus007,Mark004,2018-06-11,Prod011,52.65,796,12.35,0.19,796,1
INR,Cus007,Mark004,2018-06-13,Prod011,70.2,796,-5.2,-0.08,796,1
INR,Cus007,Mark004,2018-06-14,Prod011,81.25,3185,-16.25,-0.25,3185,1
INR,Cus007,Mark004,2018-06-18,Prod011,71.5,796,-6.5,-0.1,796,1
INR,Cus007,Mark004,2018-06-22,Prod011,39,2389,26,0.4,2389,1
INR,Cus007,Mark004,2018-06-29,Prod011,81.9,3185,-16.9,-0.26,3185,1
INR,Cus007,Mark004,2018-07-09,Prod011,58.5,5574,6.5,0.1,5574,2
INR,Cus007,Mark004,2018-07-13,Prod011,87.75,796,-22.75,-0.35,796,1
INR,Cus007,Mark004,2018-07-20,Prod011,70.85,796,-5.85,-0.09,796,1
INR,Cus007,Mark004,2018-07-27,Prod011,41.6,796,23.4,0.36,796,1
INR,Cus007,Mark004,2018-08-03,Prod011,69.55,1593,-4.55,-0.07,1593,1
INR,Cus016,Mark002,2018-10-12,Prod011,85.15,514,-20.15,-0.31,514,1
INR,Cus007,Mark004,2018-10-17,Prod011,71.5,4759,-6.5,-0.1,4759,1
INR,Cus007,Mark004,2018-10-25,Prod011,78.65,1190,-13.65,-0.21,1190,1
INR,Cus007,Mark004,2018-10-26,Prod011,61.75,1190,3.25,0.05,1190,1
INR,Cus016,Mark002,2018-10-31,Prod011,57.85,4106,7.15,0.11,4106,3
INR,Cus007,Mark004,2018-11-05,Prod011,87.1,5949,-22.1,-0.34,5949,2
INR,Cus007,Mark004,2018-11-06,Prod011,76.7,5949,-11.7,-0.18,5949,2
INR,Cus016,Mark002,2018-12-07,Prod011,45.5,514,19.5,0.3,514,1
INR,Cus016,Mark002,2018-12-14,Prod011,65,514,0,0,514,1
INR,Cus016,Mark002,2018-12-21,Prod011,66.95,514,-1.95,-0.03,514,1
INR,Cus016,Mark002,2019-01-28,Prod011,79.3,514,-14.3,-0.22,514,1
INR,Cus016,Mark002,2019-02-01,Prod011,61.75,514,3.25,0.05,514,1
INR,Cus016,Mark002,2019-02-08,Prod011,53.3,1028,11.7,0.18,1028,1
INR,Cus016,Mark002,2019-02-15,Prod011,45.5,2056,19.5,0.3,2056,1
INR,Cus007,Mark004,2019-02-22,Prod011,85.15,796,-20.15,-0.31,796,1
INR,Cus016,Mark002,2019-02-22,Prod011,80.6,1542,-15.6,-0.24,1542,1
INR,Cus016,Mark002,2019-03-01,Prod011,80.6,514,-15.6,-0.24,514,1
INR,Cus016,Mark002,2019-03-08,Prod011,47.45,1028,17.55,0.27,1028,1
INR,Cus007,Mark004,2019-04-12,Prod011,46.15,796,18.85,0.29,796,1
INR,Cus007,Mark004,2019-06-03,Prod011,61.75,796,3.25,0.05,796,1
INR,Cus007,Mark004,2019-06-17,Prod011,45.5,1593,19.5,0.3,1593,1
INR,Cus007,Mark004,2019-06-24,Prod011,55.9,796,9.1,0.14,796,1
INR,Cus011,Mark003,2019-07-15,Prod011,81.9,611,-16.9,-0.26,611,1
INR,Cus016,Mark002,2019-08-16,Prod011,63.05,1028,1.95,0.03,1028,1
INR,Cus016,Mark002,2019-09-27,Prod011,61.1,514,3.9,0.06,514,1
INR,Cus016,Mark002,2019-10-04,Prod011,62.4,514,2.6,0.04,514,1
INR,Cus016,Mark002,2019-10-18,Prod011,73.45,514,-8.45,-0.13,514,1
INR,Cus007,Mark004,2019-10-21,Prod011,87.75,796,-22.75,-0.35,796,1
INR,Cus007,Mark004,2019-10-25,Prod011,84.5,796,-19.5,-0.3,796,1
INR,Cus016,Mark002,2019-11-01,Prod011,67.6,514,-2.6,-0.04,514,1
INR,Cus007,Mark004,2019-11-04,Prod011,50.7,796,14.3,0.22,796,1
INR,Cus007,Mark004,2019-11-08,Prod011,39,1593,26,0.4,1593,1
INR,Cus016,Mark002,2019-11-08,Prod011,72.15,514,-7.15,-0.11,514,1
INR,Cus007,Mark004,2019-11-15,Prod011,41.6,3185,23.4,0.36,3185,1
INR,Cus016,Mark002,2019-11-15,Prod011,85.15,514,-20.15,-0.31,514,1
INR,Cus016,Mark002,2019-11-18,Prod011,46.15,514,18.85,0.29,514,1
INR,Cus007,Mark004,2019-12-06,Prod011,81.25,4778,-16.25,-0.25,4778,2
INR,Cus016,Mark002,2019-12-06,Prod011,59.15,514,5.85,0.09,514,1
INR,Cus007,Mark004,2019-12-13,Prod011,50.05,10352,14.95,0.23,10352,4
INR,Cus007,Mark004,2019-12-20,Prod011,67.6,796,-2.6,-0.04,796,1
INR,Cus016,Mark002,2020-06-12,Prod011,69.55,1028,-4.55,-0.07,1028,1
INR,Cus016,Mark002,2020-06-16,Prod011,39.65,514,25.35,0.39,514,1
INR,Cus019,Mark002,2018-06-05,Prod012,57.2,29648,7.8,0.12,29648,33
INR,Cus001,Mark001,2017-10-10,Prod013,46.15,143560,18.85,0.29,143560,240
INR,Cus005,Mark004,2017-10-11,Prod013,50.7,6204,14.3,0.22,6204,7
INR,Cus007,Mark004,2017-10-16,Prod013,51.35,495,13.65,0.21,495,1
INR,Cus006,Mark004,2017-10-23,Prod013,40.95,25130,24.05,0.37,25130,20
INR,Cus007,Mark004,2017-10-25,Prod013,42.25,986,22.75,0.35,986,1
INR,Cus020,Mark004,2017-11-02,Prod013,86.45,23898,-21.45,-0.33,23898,13
INR,Cus005,Mark004,2017-11-03,Prod013,83.85,296,-18.85,-0.29,296,1
INR,Cus006,Mark004,2017-11-08,Prod013,53.95,356,11.05,0.17,356,1
INR,Cus007,Mark004,2017-11-14,Prod013,42.9,1977,22.1,0.34,1977,1
INR,Cus005,Mark004,2017-11-22,Prod013,48.75,296,16.25,0.25,296,1
INR,Cus006,Mark004,2017-11-22,Prod013,79.3,8375,-14.3,-0.22,8375,7
INR,Cus020,Mark004,2017-12-05,Prod013,59.15,7171,5.85,0.09,7171,4
INR,Cus006,Mark004,2017-12-15,Prod013,52.65,356,12.35,0.19,356,1
INR,Cus006,Mark004,2018-01-15,Prod013,81.9,356,-16.9,-0.26,356,1
INR,Cus006,Mark004,2018-01-22,Prod013,86.45,8375,-21.45,-0.33,8375,7
INR,Cus007,Mark004,2018-02-06,Prod013,63.7,77931,1.3,0.02,77931,208
INR,Cus007,Mark004,2018-02-08,Prod013,46.15,40704,18.85,0.29,40704,105
INR,Cus007,Mark004,2018-02-09,Prod013,85.8,47074,-20.8,-0.32,47074,125
INR,Cus007,Mark004,2018-02-14,Prod013,84.5,4028,-19.5,-0.3,4028,10
INR,Cus002,Mark002,2018-04-24,Prod013,57.2,30167,7.8,0.12,30167,33
INR,Cus007,Mark004,2018-05-24,Prod013,51.35,1968,13.65,0.21,1968,6
INR,Cus007,Mark004,2017-11-20,Prod014,75.4,1366,-10.4,-0.16,1366,3
INR,Cus007,Mark004,2017-12-01,Prod014,46.15,495,18.85,0.29,495,1
INR,Cus007,Mark004,2018-03-22,Prod014,72.15,6713,-7.15,-0.11,6713,17
INR,Cus007,Mark004,2018-05-18,Prod015,78.65,27708,-13.65,-0.21,27708,57
INR,Cus007,Mark004,2017-10-13,Prod016,80.6,537,-15.6,-0.24,537,1
INR,Cus005,Mark004,2017-10-17,Prod016,82.55,7644,-17.55,-0.27,7644,7
INR,Cus005,Mark004,2017-11-21,Prod016,74.1,157,-9.1,-0.14,157,1
INR,Cus007,Mark004,2017-11-24,Prod016,41.6,10972,23.4,0.36,10972,8
INR,Cus007,Mark004,2017-12-01,Prod016,72.8,1218,-7.8,-0.12,1218,1
INR,Cus007,Mark004,2017-12-04,Prod016,50.05,13407,14.95,0.23,13407,9
INR,Cus007,Mark004,2018-01-12,Prod016,65.65,245,-0.65,-0.01,245,1
INR,Cus007,Mark004,2018-02-22,Prod016,74.75,245,-9.75,-0.15,245,1
INR,Cus001,Mark001,2018-06-28,Prod016,40.95,115481,24.05,0.37,115481,187
INR,Cus006,Mark004,2018-06-29,Prod016,59.15,78986,5.85,0.09,78986,38
INR,Cus006,Mark004,2018-07-02,Prod016,80.6,245546,-15.6,-0.24,245546,119
INR,Cus006,Mark004,2018-07-03,Prod016,78.65,162292,-13.65,-0.21,162292,79
INR,Cus006,Mark004,2018-07-04,Prod016,74.75,412,-9.75,-0.15,412,1
INR,Cus006,Mark004,2018-07-06,Prod016,58.5,7981,6.5,0.1,7981,5
INR,Cus006,Mark004,2018-07-11,Prod016,86.45,27505,-21.45,-0.33,27505,19
INR,Cus021,Mark005,2018-07-13,Prod016,46.15,145921,18.85,0.29,145921,173
INR,Cus006,Mark004,2018-07-13,Prod016,81.9,546,-16.9,-0.26,546,1
INR,Cus006,Mark004,2018-07-19,Prod016,85.8,28167,-20.8,-0.32,28167,20
INR,Cus006,Mark004,2018-07-24,Prod016,66.95,32764,-1.95,-0.03,32764,23
INR,Cus006,Mark004,2018-07-25,Prod016,66.3,6648,-1.3,-0.02,6648,5
INR,Cus006,Mark004,2018-07-26,Prod016,54.6,40366,10.4,0.16,40366,28
INR,Cus006,Mark004,2018-07-27,Prod016,76.05,4273,-11.05,-0.17,4273,3
INR,Cus006,Mark004,2018-07-31,Prod016,79.3,949,-14.3,-0.22,949,1
INR,Cus006,Mark004,2018-08-01,Prod016,56.55,477,8.45,0.13,477,1
INR,Cus006,Mark004,2018-08-02,Prod016,39.65,949,25.35,0.39,949,1
INR,Cus006,Mark004,2018-08-03,Prod016,50.7,70356,14.3,0.22,70356,41
INR,Cus005,Mark004,2018-08-07,Prod016,59.8,6528,5.2,0.08,6528,7
INR,Cus006,Mark004,2018-08-07,Prod016,87.75,477,-22.75,-0.35,477,1
INR,Cus006,Mark004,2018-08-10,Prod016,79.3,19727,-14.3,-0.22,19727,12
INR,Cus006,Mark004,2018-08-15,Prod016,47.45,3324,17.55,0.27,3324,2
INR,Cus007,Mark004,2018-09-12,Prod016,74.75,103889,-9.75,-0.15,103889,227
INR,Cus007,Mark004,2018-09-13,Prod016,57.2,18167,7.8,0.12,18167,36
INR,Cus006,Mark004,2019-02-06,Prod016,68.9,106560,-3.9,-0.06,106560,112
INR,Cus006,Mark004,2019-03-15,Prod016,61.75,90130,3.25,0.05,90130,50
INR,Cus006,Mark004,2019-03-22,Prod016,62.4,54079,2.6,0.04,54079,30
INR,Cus021,Mark005,2019-05-08,Prod016,74.75,153815,-9.75,-0.15,153815,182
INR,Cus005,Mark004,2019-05-17,Prod016,52,306,13,0.2,306,1
INR,Cus021,Mark005,2019-07-12,Prod016,42.25,132519,22.75,0.35,132519,157
INR,Cus006,Mark004,2019-07-29,Prod016,42.25,152833,22.75,0.35,152833,111
INR,Cus006,Mark004,2019-08-01,Prod016,50.7,10144,14.3,0.22,10144,7
INR,Cus006,Mark004,2019-08-28,Prod016,72.15,8991,-7.15,-0.11,8991,7
INR,Cus007,Mark004,2019-09-06,Prod016,41.6,1218,23.4,0.36,1218,1
INR,Cus007,Mark004,2019-09-13,Prod016,52.65,1708,12.35,0.19,1708,1
INR,Cus007,Mark004,2019-09-19,Prod016,67.6,79676,-2.6,-0.04,79676,177
INR,Cus007,Mark004,2019-09-20,Prod016,64.35,486,0.65,0.01,486,1
INR,Cus006,Mark004,2019-10-10,Prod016,70.2,25356,-5.2,-0.08,25356,18
INR,Cus006,Mark004,2019-11-07,Prod016,70.85,17519,-5.85,-0.09,17519,13
INR,Cus007,Mark004,2019-11-29,Prod016,50.05,6338,14.95,0.23,6338,4
INR,Cus022,Mark002,2017-10-05,Prod017,50.7,9190,14.3,0.22,9190,4
INR,Cus016,Mark002,2017-10-06,Prod017,41.6,8384,23.4,0.36,8384,4
INR,Cus016,Mark002,2017-10-12,Prod017,67.6,4889,-2.6,-0.04,4889,2
INR,Cus016,Mark002,2017-10-13,Prod017,50.7,3495,14.3,0.22,3495,2
INR,Cus023,Mark002,2017-10-13,Prod017,55.25,2065,9.75,0.15,2065,1
INR,Cus023,Mark002,2017-10-25,Prod017,63.05,1380,1.95,0.03,1380,1
INR,Cus016,Mark002,2017-10-27,Prod017,63.7,11870,1.3,0.02,11870,6
INR,Cus016,Mark002,2017-11-03,Prod017,65,12574,0,0,12574,6
INR,Cus016,Mark002,2017-11-06,Prod017,39,2796,26,0.4,2796,1
INR,Cus016,Mark002,2017-11-10,Prod017,61.1,4889,3.9,0.06,4889,2
INR,Cus016,Mark002,2017-11-17,Prod017,71.5,2792,-6.5,-0.1,2792,1
INR,Cus023,Mark002,2017-11-20,Prod017,56.55,68898,8.45,0.13,68898,33
INR,Cus016,Mark002,2017-11-23,Prod017,50.05,2792,14.95,0.23,2792,1
INR,Cus016,Mark002,2017-11-24,Prod017,83.85,6991,-18.85,-0.29,6991,3
INR,Cus024,Mark002,2017-11-27,Prod017,44.2,681,20.8,0.32,681,1
INR,Cus023,Mark002,2017-11-30,Prod017,47.45,44782,17.55,0.27,44782,22
INR,Cus016,Mark002,2017-12-01,Prod017,71.5,26537,-6.5,-0.1,26537,13
INR,Cus023,Mark002,2017-12-06,Prod017,66.95,3444,-1.95,-0.03,3444,2
INR,Cus016,Mark002,2017-12-07,Prod017,68.25,4190,-3.25,-0.05,4190,2
INR,Cus023,Mark002,2017-12-07,Prod017,52.65,2755,12.35,0.19,2755,1
INR,Cus016,Mark002,2017-12-08,Prod017,53.3,18852,11.7,0.18,18852,9
INR,Cus023,Mark002,2017-12-12,Prod017,63.7,1380,1.3,0.02,1380,1
INR,Cus016,Mark002,2017-12-14,Prod017,81.9,6287,-16.9,-0.26,6287,3
INR,Cus016,Mark002,2017-12-15,Prod017,59.15,41199,5.85,0.09,41199,20
INR,Cus024,Mark002,2017-12-18,Prod017,54.6,1356,10.4,0.16,1356,1
INR,Cus024,Mark002,2017-12-19,Prod017,52.65,681,12.35,0.19,681,1
INR,Cus016,Mark002,2017-12-21,Prod017,52,5588,13,0.2,5588,3
INR,Cus016,Mark002,2017-12-22,Prod017,51.35,32125,13.65,0.21,32125,15
INR,Cus023,Mark002,2017-12-22,Prod017,73.45,13778,-8.45,-0.13,13778,7
INR,Cus016,Mark002,2018-01-02,Prod017,39,4194,26,0.4,4194,2
INR,Cus024,Mark002,2018-01-02,Prod017,46.15,2713,18.85,0.29,2713,1
INR,Cus016,Mark002,2018-01-05,Prod017,46.15,65648,18.85,0.29,65648,31
INR,Cus023,Mark002,2018-01-08,Prod017,57.2,48231,7.8,0.12,48231,23
INR,Cus016,Mark002,2018-01-12,Prod017,84.5,16065,-19.5,-0.3,16065,8
INR,Cus024,Mark002,2018-01-15,Prod017,51.35,1356,13.65,0.21,1356,1
INR,Cus024,Mark002,2018-01-16,Prod017,73.45,1356,-8.45,-0.13,1356,1
INR,Cus024,Mark002,2018-01-29,Prod017,175.44,681,28.56,0.14,681,1
INR,Cus016,Mark002,2018-02-01,Prod017,181.56,1398,22.44,0.11,1398,1
INR,Cus016,Mark002,2018-02-02,Prod017,244.8,20255,-40.8,-0.2,20255,10
INR,Cus024,Mark002,2018-02-06,Prod017,169.32,681,34.68,0.17,681,1
INR,Cus016,Mark002,2018-02-09,Prod017,177.48,699,26.52,0.13,699,1
INR,Cus022,Mark002,2018-02-22,Prod017,214.2,12014,-10.2,-0.05,12014,6
INR,Cus024,Mark002,2018-04-10,Prod017,161.16,681,42.84,0.21,681,1
INR,Cus025,Mark002,2018-04-19,Prod017,177.48,43537,26.52,0.13,43537,19
INR,Cus024,Mark002,2018-04-23,Prod017,183.6,681,20.4,0.1,681,1
INR,Cus025,Mark002,2018-05-08,Prod017,265.2,65310,-61.2,-0.3,65310,28
INR,Cus024,Mark002,2018-05-15,Prod017,255,681,-51,-0.25,681,1
INR,Cus025,Mark002,2018-06-04,Prod017,261.12,21769,-57.12,-0.28,21769,9
INR,Cus025,Mark002,2018-06-08,Prod017,214.2,2176,-10.2,-0.05,2176,1
INR,Cus023,Mark002,2018-01-16,Prod018,197.88,17222,6.12,0.03,17222,8
INR,Cus023,Mark002,2018-01-17,Prod018,210.12,48917,-6.12,-0.03,48917,24
INR,Cus023,Mark002,2018-02-09,Prod018,124.44,1380,79.56,0.39,1380,1
INR,Cus026,Mark008,2018-02-12,Prod018,148.92,26333,55.08,0.27,26333,13
INR,Cus026,Mark008,2018-02-16,Prod018,138.72,26333,65.28,0.32,26333,13
INR,Cus016,Mark002,2018-02-22,Prod018,220.32,347,-16.32,-0.08,347,1
INR,Cus022,Mark002,2018-02-22,Prod018,142.8,6125,61.2,0.3,6125,3
INR,Cus016,Mark002,2018-02-23,Prod018,167.28,10824,36.72,0.18,10824,5
INR,Cus022,Mark002,2018-02-26,Prod018,175.44,3065,28.56,0.14,3065,1
INR,Cus023,Mark002,2018-03-01,Prod018,220.32,1380,-16.32,-0.08,1380,1
INR,Cus016,Mark002,2018-03-02,Prod018,220.32,3843,-16.32,-0.08,3843,2
INR,Cus022,Mark002,2018-03-05,Prod018,171.36,3065,32.64,0.16,3065,1
INR,Cus022,Mark002,2018-03-06,Prod018,136.68,3065,67.32,0.33,3065,1
INR,Cus022,Mark002,2018-03-08,Prod018,124.44,3065,79.56,0.39,3065,1
INR,Cus022,Mark002,2018-03-09,Prod018,167.28,3065,36.72,0.18,3065,1
INR,Cus022,Mark002,2018-03-15,Prod018,185.64,6130,18.36,0.09,6130,3
INR,Cus022,Mark002,2018-03-19,Prod018,161.16,3065,42.84,0.21,3065,1
INR,Cus025,Mark002,2018-03-19,Prod018,226.44,10884,-22.44,-0.11,10884,5
INR,Cus022,Mark002,2018-03-20,Prod018,148.92,3065,55.08,0.27,3065,1
INR,Cus022,Mark002,2018-03-21,Prod018,210.12,3065,-6.12,-0.03,3065,1
INR,Cus023,Mark002,2018-03-21,Prod018,153,343,51,0.25,343,1
INR,Cus022,Mark002,2018-03-23,Prod018,240.72,3065,-36.72,-0.18,3065,1
INR,Cus023,Mark002,2018-03-23,Prod018,191.76,690,12.24,0.06,690,1
INR,Cus022,Mark002,2018-03-27,Prod018,134.64,3065,69.36,0.34,3065,1
INR,Cus022,Mark002,2018-03-28,Prod018,181.56,3065,22.44,0.11,3065,1
INR,Cus022,Mark002,2018-03-29,Prod018,234.6,3065,-30.6,-0.15,3065,1
INR,Cus023,Mark002,2018-03-29,Prod018,179.52,1380,24.48,0.12,1380,1
INR,Cus022,Mark002,2018-04-04,Prod018,140.76,3065,63.24,0.31,3065,1
INR,Cus022,Mark002,2018-04-06,Prod018,153,12250,51,0.25,12250,5
INR,Cus023,Mark002,2018-04-11,Prod018,240.72,4130,-36.72,-0.18,4130,2
INR,Cus022,Mark002,2018-04-12,Prod018,140.76,6125,63.24,0.31,6125,3
INR,Cus025,Mark002,2018-04-12,Prod018,226.44,32653,-22.44,-0.11,32653,14
INR,Cus011,Mark003,2018-04-13,Prod018,193.8,37690,10.2,0.05,37690,11
INR,Cus022,Mark002,2018-04-17,Prod018,185.64,3065,18.36,0.09,3065,1
INR,Cus023,Mark002,2018-04-18,Prod018,134.64,3444,69.36,0.34,3444,2
INR,Cus022,Mark002,2018-04-19,Prod018,271.32,9190,-67.32,-0.33,9190,4
INR,Cus022,Mark002,2018-04-20,Prod018,273.36,3065,-69.36,-0.34,3065,1
INR,Cus022,Mark002,2018-04-23,Prod018,138.72,3065,65.28,0.32,3065,1
INR,Cus024,Mark002,2018-04-24,Prod018,161.16,3056,42.84,0.21,3056,2
INR,Cus011,Mark003,2018-04-27,Prod018,161.16,34157,42.84,0.21,34157,10
INR,Cus022,Mark002,2018-04-27,Prod018,189.72,3065,14.28,0.07,3065,1
INR,Cus022,Mark002,2018-04-30,Prod018,181.56,3065,22.44,0.11,3065,1
INR,Cus024,Mark002,2018-04-30,Prod018,155.04,3056,48.96,0.24,3056,2
INR,Cus023,Mark002,2018-04-30,Prod018,246.84,2065,-42.84,-0.21,2065,1
INR,Cus022,Mark002,2018-05-03,Prod018,208.08,6125,-4.08,-0.02,6125,3
INR,Cus023,Mark002,2018-05-03,Prod018,218.28,1380,-14.28,-0.07,1380,1
INR,Cus022,Mark002,2018-05-04,Prod018,138.72,9190,65.28,0.32,9190,4
INR,Cus011,Mark003,2018-05-07,Prod018,199.92,20023,4.08,0.02,20023,6
INR,Cus022,Mark002,2018-05-09,Prod018,238.68,3065,-34.68,-0.17,3065,1
INR,Cus022,Mark002,2018-05-09,Prod018,263.16,28269,-59.16,-0.29,28269,13
INR,Cus022,Mark002,2018-05-14,Prod018,206.04,3065,-2.04,-0.01,3065,1
INR,Cus024,Mark002,2018-05-14,Prod018,140.76,3056,63.24,0.31,3056,2
INR,Cus024,Mark002,2018-05-15,Prod018,218.28,3056,-14.28,-0.07,3056,2
INR,Cus022,Mark002,2018-05-16,Prod018,206.04,3065,-2.04,-0.01,3065,1
INR,Cus022,Mark002,2018-05-16,Prod018,148.92,28269,55.08,0.27,28269,13
INR,Cus011,Mark003,2018-05-17,Prod018,232.56,1176,-28.56,-0.14,1176,1
INR,Cus022,Mark002,2018-05-17,Prod018,161.16,6125,42.84,0.21,6125,3
INR,Cus022,Mark002,2018-05-17,Prod018,248.88,56537,-44.88,-0.22,56537,27
INR,Cus011,Mark003,2018-05-18,Prod018,216.24,16491,-12.24,-0.06,16491,5
INR,Cus022,Mark002,2018-05-18,Prod018,187.68,3065,16.32,0.08,3065,1
INR,Cus022,Mark002,2018-05-18,Prod018,185.64,28269,18.36,0.09,28269,13
INR,Cus024,Mark002,2018-05-21,Prod018,193.8,3056,10.2,0.05,3056,2
INR,Cus024,Mark002,2018-05-22,Prod018,138.72,3056,65.28,0.32,3056,2
INR,Cus022,Mark002,2018-05-23,Prod018,146.88,3065,57.12,0.28,3065,1
INR,Cus022,Mark002,2018-05-24,Prod018,193.8,3065,10.2,0.05,3065,1
INR,Cus022,Mark002,2018-05-25,Prod018,224.4,3065,-20.4,-0.1,3065,1
INR,Cus011,Mark003,2018-05-28,Prod018,140.76,14134,63.24,0.31,14134,4
INR,Cus022,Mark002,2018-05-30,Prod018,136.68,6125,67.32,0.33,6125,3
INR,Cus011,Mark003,2018-06-01,Prod018,216.24,16491,-12.24,-0.06,16491,5
INR,Cus022,Mark002,2018-06-01,Prod018,136.68,3065,67.32,0.33,3065,1
INR,Cus022,Mark002,2018-06-04,Prod018,197.88,3065,6.12,0.03,3065,1
INR,Cus022,Mark002,2018-06-05,Prod018,122.4,3065,81.6,0.4,3065,1
INR,Cus022,Mark002,2018-06-07,Prod018,140.76,6125,63.24,0.31,6125,3
INR,Cus011,Mark003,2018-06-11,Prod018,175.44,40046,28.56,0.14,40046,11
INR,Cus022,Mark002,2018-06-11,Prod018,228.48,3065,-24.48,-0.12,3065,1
INR,Cus022,Mark002,2018-06-12,Prod018,175.44,3065,28.56,0.14,3065,1
INR,Cus024,Mark002,2018-06-12,Prod018,240.72,338,-36.72,-0.18,338,1
INR,Cus022,Mark002,2018-06-13,Prod018,271.32,3065,-67.32,-0.33,3065,1
INR,Cus022,Mark002,2018-06-14,Prod018,134.64,12250,69.36,0.34,12250,5
INR,Cus023,Mark002,2018-06-14,Prod018,183.6,14407,20.4,0.1,14407,7
INR,Cus022,Mark002,2018-06-15,Prod018,157.08,6125,46.92,0.23,6125,3
INR,Cus011,Mark003,2018-06-19,Prod018,191.76,25912,12.24,0.06,25912,7
INR,Cus026,Mark008,2018-06-19,Prod018,259.08,52667,-55.08,-0.27,52667,27
INR,Cus022,Mark002,2018-06-19,Prod018,195.84,3065,8.16,0.04,3065,1
INR,Cus024,Mark002,2018-06-19,Prod018,159.12,338,44.88,0.22,338,1
INR,Cus023,Mark002,2018-06-19,Prod018,232.56,4319,-28.56,-0.14,4319,2
INR,Cus022,Mark002,2018-06-20,Prod018,146.88,3065,57.12,0.28,3065,1
INR,Cus025,Mark002,2018-06-20,Prod018,144.84,251903,59.16,0.29,251903,108
INR,Cus022,Mark002,2018-06-21,Prod018,267.24,12250,-63.24,-0.31,12250,5
INR,Cus023,Mark002,2018-06-21,Prod018,210.12,1440,-6.12,-0.03,1440,1
INR,Cus011,Mark003,2018-06-25,Prod018,128.52,21199,75.48,0.37,21199,6
INR,Cus022,Mark002,2018-06-25,Prod018,144.84,3065,59.16,0.29,3065,1
INR,Cus022,Mark002,2018-06-27,Prod018,128.52,6125,75.48,0.37,6125,3
INR,Cus022,Mark002,2018-06-28,Prod018,230.52,6125,-26.52,-0.13,6125,3
INR,Cus023,Mark002,2018-06-28,Prod018,246.84,361,-42.84,-0.21,361,1
INR,Cus022,Mark002,2018-06-29,Prod018,177.48,3065,26.52,0.13,3065,1
INR,Cus011,Mark003,2018-07-02,Prod018,267.24,55356,-63.24,-0.31,55356,16
INR,Cus022,Mark002,2018-07-02,Prod018,201.96,3065,2.04,0.01,3065,1
INR,Cus022,Mark002,2018-07-05,Prod018,132.6,9190,71.4,0.35,9190,4
INR,Cus022,Mark002,2018-07-06,Prod018,240.72,6125,-36.72,-0.18,6125,3
INR,Cus011,Mark003,2018-07-09,Prod018,128.52,29444,75.48,0.37,29444,8
INR,Cus022,Mark002,2018-07-09,Prod018,228.48,3065,-24.48,-0.12,3065,1
INR,Cus022,Mark002,2018-07-10,Prod018,230.52,3065,-26.52,-0.13,3065,1
INR,Cus024,Mark002,2018-07-10,Prod018,171.36,338,32.64,0.16,338,1
INR,Cus023,Mark002,2018-07-10,Prod018,199.92,1440,4.08,0.02,1440,1
INR,Cus022,Mark002,2018-07-11,Prod018,201.96,3065,2.04,0.01,3065,1
INR,Cus023,Mark002,2018-07-12,Prod018,165.24,2162,38.76,0.19,2162,1
INR,Cus022,Mark002,2018-07-13,Prod018,179.52,3065,24.48,0.12,3065,1
INR,Cus022,Mark002,2018-07-16,Prod018,140.76,3065,63.24,0.31,3065,1
INR,Cus011,Mark003,2018-07-17,Prod018,216.24,7065,-12.24,-0.06,7065,2
INR,Cus022,Mark002,2018-07-17,Prod018,210.12,12250,-6.12,-0.03,12250,5
INR,Cus022,Mark002,2018-07-19,Prod018,259.08,6125,-55.08,-0.27,6125,3
INR,Cus022,Mark002,2018-07-19,Prod018,244.8,28269,-40.8,-0.2,28269,13
INR,Cus023,Mark002,2018-07-20,Prod018,128.52,1440,75.48,0.37,1440,1
INR,Cus022,Mark002,2018-07-25,Prod018,259.08,6125,-55.08,-0.27,6125,3
INR,Cus022,Mark002,2018-07-26,Prod018,263.16,3065,-59.16,-0.29,3065,1
INR,Cus022,Mark002,2018-07-27,Prod018,259.08,3065,-55.08,-0.27,3065,1
INR,Cus022,Mark002,2018-07-30,Prod018,128.52,3065,75.48,0.37,3065,1
INR,Cus023,Mark002,2018-07-30,Prod018,165.24,2162,38.76,0.19,2162,1
INR,Cus022,Mark002,2018-08-01,Prod018,173.4,3065,30.6,0.15,3065,1
INR,Cus022,Mark002,2018-08-02,Prod018,265.2,3065,-61.2,-0.3,3065,1
INR,Cus025,Mark002,2018-08-02,Prod018,185.64,55977,18.36,0.09,55977,24
INR,Cus022,Mark002,2018-08-03,Prod018,157.08,3065,46.92,0.23,3065,1
INR,Cus022,Mark002,2018-08-06,Prod018,255,3065,-51,-0.25,3065,1
INR,Cus022,Mark002,2018-08-08,Prod018,161.16,6125,42.84,0.21,6125,3
INR,Cus022,Mark002,2018-08-09,Prod018,128.52,3065,75.48,0.37,3065,1
INR,Cus025,Mark002,2018-08-09,Prod018,193.8,10495,10.2,0.05,10495,5
INR,Cus011,Mark003,2018-08-10,Prod018,150.96,45935,53.04,0.26,45935,13
INR,Cus022,Mark002,2018-08-10,Prod018,177.48,6125,26.52,0.13,6125,3
INR,Cus022,Mark002,2018-08-13,Prod018,228.48,6125,-24.48,-0.12,6125,3
INR,Cus025,Mark002,2018-08-13,Prod018,244.8,34986,-40.8,-0.2,34986,15
INR,Cus022,Mark002,2018-08-14,Prod018,171.36,3065,32.64,0.16,3065,1
INR,Cus022,Mark002,2018-08-14,Prod018,173.4,28269,30.6,0.15,28269,13
INR,Cus022,Mark002,2018-08-17,Prod018,171.36,9190,32.64,0.16,9190,4
INR,Cus025,Mark002,2018-08-17,Prod018,255,34986,-51,-0.25,34986,15
INR,Cus011,Mark003,2018-08-20,Prod018,222.36,36509,-18.36,-0.09,36509,10
INR,Cus022,Mark002,2018-08-21,Prod018,275.4,12250,-71.4,-0.35,12250,5
INR,Cus024,Mark002,2018-08-21,Prod018,169.32,338,34.68,0.17,338,1
INR,Cus022,Mark002,2018-08-22,Prod018,263.16,3065,-59.16,-0.29,3065,1
INR,Cus022,Mark002,2018-08-23,Prod018,218.28,6125,-14.28,-0.07,6125,3
INR,Cus025,Mark002,2018-08-23,Prod018,214.2,27991,-10.2,-0.05,27991,12
INR,Cus022,Mark002,2018-08-24,Prod018,271.32,6125,-67.32,-0.33,6125,3
INR,Cus011,Mark003,2018-08-27,Prod018,216.24,45935,-12.24,-0.06,45935,13
INR,Cus022,Mark002,2018-08-29,Prod018,185.64,3065,18.36,0.09,3065,1
INR,Cus023,Mark002,2018-08-29,Prod018,214.2,361,-10.2,-0.05,361,1
INR,Cus022,Mark002,2018-08-31,Prod018,193.8,15315,10.2,0.05,15315,7
INR,Cus025,Mark002,2018-08-31,Prod018,173.4,45481,30.6,0.15,45481,20
INR,Cus011,Mark003,2018-09-03,Prod018,155.04,140157,48.96,0.24,140157,40
INR,Cus022,Mark002,2018-09-03,Prod018,261.12,3065,-57.12,-0.28,3065,1
INR,Cus025,Mark002,2018-09-03,Prod018,189.72,17495,14.28,0.07,17495,8
INR,Cus022,Mark002,2018-09-04,Prod018,238.68,28269,-34.68,-0.17,28269,13
INR,Cus025,Mark002,2018-09-06,Prod018,273.36,34986,-69.36,-0.34,34986,15
INR,Cus023,Mark002,2018-09-06,Prod018,185.64,361,18.36,0.09,361,1
INR,Cus022,Mark002,2018-09-07,Prod018,236.64,3065,-32.64,-0.16,3065,1
INR,Cus025,Mark002,2018-09-07,Prod018,179.52,59477,24.48,0.12,59477,26
INR,Cus023,Mark002,2018-09-07,Prod018,242.76,1079,-38.76,-0.19,1079,1
INR,Cus022,Mark002,2018-09-10,Prod018,130.56,6125,73.44,0.36,6125,3
INR,Cus024,Mark002,2018-09-12,Prod018,234.6,681,-30.6,-0.15,681,1
INR,Cus022,Mark002,2018-09-13,Prod018,163.2,6130,40.8,0.2,6130,3
INR,Cus025,Mark002,2018-09-13,Prod018,250.92,17495,-46.92,-0.23,17495,8
INR,Cus023,Mark002,2018-09-13,Prod018,228.48,1440,-24.48,-0.12,1440,1
INR,Cus022,Mark002,2018-09-14,Prod018,177.48,6125,26.52,0.13,6125,3
INR,Cus022,Mark002,2018-09-17,Prod018,195.84,3065,8.16,0.04,3065,1
INR,Cus024,Mark002,2018-09-18,Prod018,124.44,676,79.56,0.39,676,1
INR,Cus022,Mark002,2018-09-19,Prod018,222.36,3065,-18.36,-0.09,3065,1
INR,Cus022,Mark002,2018-09-21,Prod018,136.68,3065,67.32,0.33,3065,1
INR,Cus022,Mark002,2018-09-21,Prod018,244.8,28269,-40.8,-0.2,28269,13
INR,Cus022,Mark002,2018-09-24,Prod018,232.56,3065,-28.56,-0.14,3065,1
INR,Cus016,Mark002,2018-09-26,Prod018,185.64,24792,18.36,0.09,24792,12
INR,Cus022,Mark002,2018-09-26,Prod018,232.56,3065,-28.56,-0.14,3065,1
INR,Cus022,Mark002,2018-09-27,Prod018,257.04,3065,-53.04,-0.26,3065,1
INR,Cus022,Mark002,2018-09-28,Prod018,177.48,3065,26.52,0.13,3065,1
INR,Cus023,Mark002,2018-09-28,Prod018,185.64,1440,18.36,0.09,1440,1
INR,Cus016,Mark002,2018-10-01,Prod018,255,11519,-51,-0.25,11519,6
INR,Cus022,Mark002,2018-10-01,Prod018,177.48,3065,26.52,0.13,3065,1
INR,Cus024,Mark002,2018-10-01,Prod018,246.84,1356,-42.84,-0.21,1356,1
INR,Cus024,Mark002,2018-10-02,Prod018,204,1019,0,0,1019,1
INR,Cus022,Mark002,2018-10-03,Prod018,175.44,3065,28.56,0.14,3065,1
INR,Cus011,Mark003,2018-10-08,Prod018,275.4,1176,-71.4,-0.35,1176,1
INR,Cus016,Mark002,2018-10-08,Prod018,124.44,1398,79.56,0.39,1398,1
INR,Cus022,Mark002,2018-10-08,Prod018,161.16,6125,42.84,0.21,6125,3
INR,Cus022,Mark002,2018-10-09,Prod018,271.32,9190,-67.32,-0.33,9190,4
INR,Cus022,Mark002,2018-10-11,Prod018,252.96,3065,-48.96,-0.24,3065,1
INR,Cus025,Mark002,2018-10-11,Prod018,201.96,17495,2.04,0.01,17495,8
INR,Cus023,Mark002,2018-10-11,Prod018,218.28,722,-14.28,-0.07,722,1
INR,Cus016,Mark002,2018-10-12,Prod018,146.88,17463,57.12,0.28,17463,8
INR,Cus022,Mark002,2018-10-12,Prod018,248.88,12250,-44.88,-0.22,12250,5
INR,Cus022,Mark002,2018-10-12,Prod018,181.56,169606,22.44,0.11,169606,80
INR,Cus025,Mark002,2018-10-15,Prod018,155.04,17495,48.96,0.24,17495,8
INR,Cus022,Mark002,2018-10-17,Prod018,261.12,3065,-57.12,-0.28,3065,1
INR,Cus024,Mark002,2018-10-17,Prod018,222.36,338,-18.36,-0.09,338,1
INR,Cus022,Mark002,2018-10-17,Prod018,189.72,28269,14.28,0.07,28269,13
INR,Cus022,Mark002,2018-10-18,Prod018,189.72,3065,14.28,0.07,3065,1
INR,Cus025,Mark002,2018-10-18,Prod018,212.16,17495,-8.16,-0.04,17495,8
INR,Cus023,Mark002,2018-10-18,Prod018,163.2,361,40.8,0.2,361,1
INR,Cus022,Mark002,2018-10-19,Prod018,138.72,3065,65.28,0.32,3065,1
INR,Cus022,Mark002,2018-10-19,Prod018,130.56,28269,73.44,0.36,28269,13
INR,Cus016,Mark002,2018-10-22,Prod018,232.56,3495,-28.56,-0.14,3495,2
INR,Cus022,Mark002,2018-10-22,Prod018,255,6125,-51,-0.25,6125,3
INR,Cus025,Mark002,2018-10-22,Prod018,232.56,6995,-28.56,-0.14,6995,3
INR,Cus016,Mark002,2018-10-23,Prod018,212.16,1745,-8.16,-0.04,1745,1
INR,Cus023,Mark002,2018-10-23,Prod018,257.04,722,-53.04,-0.26,722,1
INR,Cus016,Mark002,2018-10-24,Prod018,124.44,4190,79.56,0.39,4190,2
INR,Cus022,Mark002,2018-10-25,Prod018,195.84,3065,8.16,0.04,3065,1
INR,Cus025,Mark002,2018-10-25,Prod018,128.52,38486,75.48,0.37,38486,17
INR,Cus022,Mark002,2018-10-29,Prod018,230.52,3065,-26.52,-0.13,3065,1
INR,Cus025,Mark002,2018-10-29,Prod018,218.28,52481,-14.28,-0.07,52481,23
INR,Cus016,Mark002,2018-10-30,Prod018,144.84,35963,59.16,0.29,35963,17
INR,Cus022,Mark002,2018-10-30,Prod018,173.4,28269,30.6,0.15,28269,13
INR,Cus022,Mark002,2018-10-31,Prod018,167.28,3065,36.72,0.18,3065,1
INR,Cus022,Mark002,2018-11-01,Prod018,263.16,33690,-59.16,-0.29,33690,15
INR,Cus022,Mark002,2018-11-01,Prod018,157.08,28269,46.92,0.23,28269,13
INR,Cus022,Mark002,2018-11-02,Prod018,181.56,6125,22.44,0.11,6125,3
INR,Cus023,Mark002,2018-11-02,Prod018,259.08,722,-55.08,-0.27,722,1
INR,Cus022,Mark002,2018-11-05,Prod018,134.64,9190,69.36,0.34,9190,4
INR,Cus016,Mark002,2018-11-06,Prod018,153,38060,51,0.25,38060,18
INR,Cus025,Mark002,2018-11-06,Prod018,171.36,17495,32.64,0.16,17495,8
INR,Cus022,Mark002,2018-11-06,Prod018,269.28,28269,-65.28,-0.32,28269,13
INR,Cus016,Mark002,2018-11-07,Prod018,130.56,23394,73.44,0.36,23394,11
INR,Cus022,Mark002,2018-11-08,Prod018,169.32,9190,34.68,0.17,9190,4
INR,Cus025,Mark002,2018-11-08,Prod018,210.12,20991,-6.12,-0.03,20991,9
INR,Cus016,Mark002,2018-11-09,Prod018,138.72,43991,65.28,0.32,43991,21
INR,Cus022,Mark002,2018-11-12,Prod018,230.52,6125,-26.52,-0.13,6125,3
INR,Cus025,Mark002,2018-11-12,Prod018,232.56,34986,-28.56,-0.14,34986,15
INR,Cus022,Mark002,2018-11-12,Prod018,132.6,28269,71.4,0.35,28269,13
INR,Cus022,Mark002,2018-11-13,Prod018,236.64,3065,-32.64,-0.16,3065,1
INR,Cus022,Mark002,2018-11-13,Prod018,148.92,28269,55.08,0.27,28269,13
INR,Cus022,Mark002,2018-11-14,Prod018,114.48,3065,-8.48,-0.08,3065,1
INR,Cus022,Mark002,2018-11-15,Prod018,140.98,6125,-34.98,-0.33,6125,3
INR,Cus025,Mark002,2018-11-15,Prod018,122.96,17495,-16.96,-0.16,17495,8
INR,Cus016,Mark002,2018-11-16,Prod018,98.58,77870,7.42,0.07,77870,37
INR,Cus022,Mark002,2018-11-16,Prod018,97.52,28269,8.48,0.08,28269,13
INR,Cus025,Mark002,2018-11-20,Prod018,74.2,17495,31.8,0.3,17495,8
INR,Cus022,Mark002,2018-11-20,Prod018,90.1,28269,15.9,0.15,28269,13
INR,Cus022,Mark002,2018-11-21,Prod018,87.98,3065,18.02,0.17,3065,1
INR,Cus022,Mark002,2018-11-22,Prod018,77.38,6125,28.62,0.27,6125,3
INR,Cus025,Mark002,2018-11-22,Prod018,120.84,52481,-14.84,-0.14,52481,23
INR,Cus022,Mark002,2018-11-22,Prod018,100.7,28269,5.3,0.05,28269,13
INR,Cus016,Mark002,2018-11-23,Prod018,136.74,13264,-30.74,-0.29,13264,6
INR,Cus022,Mark002,2018-11-23,Prod018,69.96,9190,36.04,0.34,9190,4
INR,Cus023,Mark002,2018-11-23,Prod018,80.56,36014,25.44,0.24,36014,17
INR,Cus016,Mark002,2018-11-26,Prod018,67.84,121509,38.16,0.36,121509,58
INR,Cus022,Mark002,2018-11-27,Prod018,119.78,28269,-13.78,-0.13,28269,13
INR,Cus023,Mark002,2018-11-27,Prod018,90.1,72028,15.9,0.15,72028,33
INR,Cus016,Mark002,2018-11-29,Prod018,101.76,46444,4.24,0.04,46444,22
INR,Cus022,Mark002,2018-11-29,Prod018,139.92,3065,-33.92,-0.32,3065,1
INR,Cus025,Mark002,2018-11-29,Prod018,107.06,17495,-1.06,-0.01,17495,8
INR,Cus022,Mark002,2018-11-29,Prod018,143.1,28269,-37.1,-0.35,28269,13
INR,Cus022,Mark002,2018-12-03,Prod018,80.56,3065,25.44,0.24,3065,1
INR,Cus025,Mark002,2018-12-03,Prod018,106,17495,0,0,17495,8
INR,Cus022,Mark002,2018-12-04,Prod018,87.98,3065,18.02,0.17,3065,1
INR,Cus022,Mark002,2018-12-04,Prod018,138.86,28269,-32.86,-0.31,28269,13
INR,Cus022,Mark002,2018-12-06,Prod018,64.66,3065,41.34,0.39,3065,1
INR,Cus025,Mark002,2018-12-06,Prod018,72.08,34986,33.92,0.32,34986,15
INR,Cus022,Mark002,2018-12-06,Prod018,89.04,28269,16.96,0.16,28269,13
INR,Cus016,Mark002,2018-12-07,Prod018,124.02,122898,-18.02,-0.17,122898,59
INR,Cus022,Mark002,2018-12-10,Prod018,127.2,3065,-21.2,-0.2,3065,1
INR,Cus025,Mark002,2018-12-10,Prod018,116.6,52481,-10.6,-0.1,52481,23
INR,Cus022,Mark002,2018-12-10,Prod018,71.02,28269,34.98,0.33,28269,13
INR,Cus022,Mark002,2018-12-12,Prod018,65.72,3065,40.28,0.38,3065,1
INR,Cus016,Mark002,2018-12-13,Prod018,115.54,19556,-9.54,-0.09,19556,9
INR,Cus022,Mark002,2018-12-13,Prod018,115.54,3065,-9.54,-0.09,3065,1
INR,Cus025,Mark002,2018-12-13,Prod018,64.66,17495,41.34,0.39,17495,8
INR,Cus016,Mark002,2018-12-14,Prod018,66.78,38407,39.22,0.37,38407,18
INR,Cus022,Mark002,2018-12-14,Prod018,64.66,9190,41.34,0.39,9190,4
INR,Cus022,Mark002,2018-12-17,Prod018,64.66,6125,41.34,0.39,6125,3
INR,Cus025,Mark002,2018-12-17,Prod018,91.16,17495,14.84,0.14,17495,8
INR,Cus024,Mark002,2018-12-17,Prod018,143.1,338,-37.1,-0.35,338,1
INR,Cus025,Mark002,2018-12-18,Prod018,83.74,24491,22.26,0.21,24491,11
INR,Cus022,Mark002,2018-12-20,Prod018,109.18,6125,-3.18,-0.03,6125,3
INR,Cus025,Mark002,2018-12-20,Prod018,111.3,167935,-5.3,-0.05,167935,72
INR,Cus016,Mark002,2018-12-21,Prod018,99.64,226963,6.36,0.06,226963,108
INR,Cus022,Mark002,2018-12-21,Prod018,111.3,9190,-5.3,-0.05,9190,4
INR,Cus022,Mark002,2018-12-21,Prod018,63.6,141343,42.4,0.4,141343,67
INR,Cus022,Mark002,2018-12-28,Prod018,129.32,12250,-23.32,-0.22,12250,5
INR,Cus025,Mark002,2019-01-04,Prod018,115.54,62977,-9.54,-0.09,62977,27
INR,Cus022,Mark002,2019-01-07,Prod018,114.48,3065,-8.48,-0.08,3065,1
INR,Cus024,Mark002,2019-01-07,Prod018,104.94,338,1.06,0.01,338,1
INR,Cus022,Mark002,2019-01-07,Prod018,75.26,56532,30.74,0.29,56532,27
INR,Cus016,Mark002,2019-01-08,Prod018,97.52,17458,8.48,0.08,17458,8
INR,Cus022,Mark002,2019-01-08,Prod018,96.46,27565,9.54,0.09,27565,12
INR,Cus024,Mark002,2019-01-08,Prod018,139.92,338,-33.92,-0.32,338,1
INR,Cus022,Mark002,2019-01-10,Prod018,82.68,3065,23.32,0.22,3065,1
INR,Cus016,Mark002,2019-01-11,Prod018,125.08,38065,-19.08,-0.18,38065,18
INR,Cus023,Mark002,2019-01-11,Prod018,122.96,722,-16.96,-0.16,722,1
INR,Cus022,Mark002,2019-01-14,Prod018,80.56,3065,25.44,0.24,3065,1
INR,Cus024,Mark002,2019-01-14,Prod018,101.76,338,4.24,0.04,338,1
INR,Cus022,Mark002,2019-01-15,Prod018,143.1,28269,-37.1,-0.35,28269,13
INR,Cus022,Mark002,2019-01-16,Prod018,84.8,27565,21.2,0.2,27565,12
INR,Cus022,Mark002,2019-01-17,Prod018,63.6,28269,42.4,0.4,28269,13
INR,Cus016,Mark002,2019-01-18,Prod018,126.14,41898,-20.14,-0.19,41898,20
INR,Cus022,Mark002,2019-01-18,Prod018,120.84,27565,-14.84,-0.14,27565,12
INR,Cus025,Mark002,2019-01-21,Prod018,124.02,104958,-18.02,-0.17,104958,45
INR,Cus023,Mark002,2019-01-21,Prod018,81.62,722,24.38,0.23,722,1
INR,Cus022,Mark002,2019-01-24,Prod018,94.34,28269,11.66,0.11,28269,13
INR,Cus022,Mark002,2019-01-25,Prod018,82.68,113074,23.32,0.22,113074,53
INR,Cus016,Mark002,2019-01-28,Prod018,86.92,115921,19.08,0.18,115921,55
INR,Cus025,Mark002,2019-01-28,Prod018,133.56,55977,-27.56,-0.26,55977,24
INR,Cus025,Mark002,2019-01-30,Prod018,134.62,104958,-28.62,-0.27,104958,45
INR,Cus022,Mark002,2019-01-31,Prod018,104.94,18375,1.06,0.01,18375,8
INR,Cus025,Mark002,2019-01-31,Prod018,94.34,41981,11.66,0.11,41981,18
INR,Cus022,Mark002,2019-01-31,Prod018,110.24,28269,-4.24,-0.04,28269,13
INR,Cus023,Mark002,2019-01-31,Prod018,120.84,722,-14.84,-0.14,722,1
INR,Cus016,Mark002,2019-02-01,Prod018,127.2,31421,-21.2,-0.2,31421,15
INR,Cus016,Mark002,2019-02-04,Prod018,99.64,71231,6.36,0.06,71231,34
INR,Cus023,Mark002,2019-02-05,Prod018,114.48,722,-8.48,-0.08,722,1
INR,Cus022,Mark002,2019-02-07,Prod018,106,24500,0,0,24500,11
INR,Cus025,Mark002,2019-02-07,Prod018,102.82,34986,3.18,0.03,34986,15
INR,Cus022,Mark002,2019-02-07,Prod018,133.56,28269,-27.56,-0.26,28269,13
INR,Cus016,Mark002,2019-02-08,Prod018,69.96,55167,36.04,0.34,55167,26
INR,Cus022,Mark002,2019-02-08,Prod018,90.1,28269,15.9,0.15,28269,13
INR,Cus025,Mark002,2019-02-11,Prod018,67.84,17495,38.16,0.36,17495,8
INR,Cus022,Mark002,2019-02-12,Prod018,86.92,12250,19.08,0.18,12250,5
INR,Cus022,Mark002,2019-02-12,Prod018,63.6,28269,42.4,0.4,28269,13
INR,Cus022,Mark002,2019-02-13,Prod018,131.44,27565,-25.44,-0.24,27565,12
INR,Cus022,Mark002,2019-02-14,Prod018,122.96,15315,-16.96,-0.16,15315,7
INR,Cus025,Mark002,2019-02-14,Prod018,114.48,13995,-8.48,-0.08,13995,6
INR,Cus022,Mark002,2019-02-14,Prod018,64.66,28269,41.34,0.39,28269,13
INR,Cus016,Mark002,2019-02-15,Prod018,104.94,129546,1.06,0.01,129546,62
INR,Cus022,Mark002,2019-02-15,Prod018,125.08,9190,-19.08,-0.18,9190,4
INR,Cus022,Mark002,2019-02-15,Prod018,126.14,28269,-20.14,-0.19,28269,13
INR,Cus022,Mark002,2019-02-18,Prod018,125.08,6125,-19.08,-0.18,6125,3
INR,Cus025,Mark002,2019-02-18,Prod018,106,17495,0,0,17495,8
